entry,size,name,boundary_kind,body_status,abi_status,classification,evidence,notes
0x0015088C,60,caseD_1,non_callable_internal,not_independent_body,not_applicable,switch_owned_case,codebin_maintained_abi_micro_tranche_155_exclusions.csv,Retains the exact native exclusion proved by the maintained-ABI closure audit.
0x0016EA34,104,caseD_0,non_callable_internal,not_independent_body,not_applicable,switch_owned_case,codebin_maintained_abi_small_tranche_156_exclusions.csv,Retains the exact native exclusion proved by the maintained-ABI closure audit.
0x0016EA9C,176,caseD_2_0016ea9c,non_callable_internal,not_independent_body,not_applicable,switch_owned_case,codebin_maintained_abi_medium_tranche_157_exclusions.csv,Retains the exact native exclusion proved by the maintained-ABI closure audit.
0x00194708,260,caseD_3,non_callable_internal,not_independent_body,not_applicable,switch_owned_case,codebin_maintained_abi_large_tranche_158_exclusions.csv,Retains the exact native exclusion proved by the maintained-ABI closure audit.
0x001A6260,88,caseD_0_001a6260,non_callable_internal,not_independent_body,not_applicable,switch_owned_case,codebin_maintained_abi_small_tranche_156_exclusions.csv,Retains the exact native exclusion proved by the maintained-ABI closure audit.
0x001BCE9C,200,caseD_0_001bce9c,non_callable_internal,not_independent_body,not_applicable,switch_owned_case,codebin_maintained_abi_medium_tranche_157_exclusions.csv,Retains the exact native exclusion proved by the maintained-ABI closure audit.
0x001BCF6C,1728,caseD_0_001bcf6c,non_callable_internal,not_independent_body,not_applicable,switch_owned_case,codebin_maintained_abi_xxlarge_tranche_160_exclusions.csv,Retains the exact native exclusion proved by the maintained-ABI closure audit.
0x001D1E0C,184,caseD_0_001d1e0c,non_callable_internal,not_independent_body,not_applicable,switch_owned_case,codebin_maintained_abi_medium_tranche_157_exclusions.csv,Retains the exact native exclusion proved by the maintained-ABI closure audit.
0x001D21D4,988,caseD_2_001d21d4,non_callable_internal,not_independent_body,not_applicable,switch_owned_case,codebin_maintained_abi_xlarge_tranche_159_exclusions.csv,Retains the exact native exclusion proved by the maintained-ABI closure audit.
0x001DC864,76,FUN_001dc864,historical_non_autonomous_boundary,not_independent_body,not_applicable,historical_boundary_quarantine,analysis/codebin_decompilation_batch_154.md,"Direct dependencies are maintained, but the range/owner audits prove this apparent entry is not an independent public AAPCS boundary."
0x001F0678,480,caseD_2_001f0678,non_callable_internal,not_independent_body,not_applicable,switch_owned_case,codebin_maintained_abi_large_tranche_158_exclusions.csv,Retains the exact native exclusion proved by the maintained-ABI closure audit.
0x001F0880,220,caseD_0_001f0880,non_callable_internal,not_independent_body,not_applicable,switch_owned_case,codebin_maintained_abi_medium_tranche_157_exclusions.csv,Retains the exact native exclusion proved by the maintained-ABI closure audit.
0x0020C520,124,caseD_0_0020c520,non_callable_internal,not_independent_body,not_applicable,switch_owned_case,codebin_maintained_abi_small_tranche_156_exclusions.csv,Retains the exact native exclusion proved by the maintained-ABI closure audit.
0x002121A4,80,caseD_2_002121a4,non_callable_internal,not_independent_body,not_applicable,switch_owned_case,codebin_maintained_abi_small_tranche_156_exclusions.csv,Retains the exact native exclusion proved by the maintained-ABI closure audit.
0x0021EFE8,724,FUN_0021efe8,historical_non_autonomous_boundary,not_independent_body,not_applicable,historical_boundary_quarantine,analysis/codebin_decompilation_batch_154.md,"Direct dependencies are maintained, but the range/owner audits prove this apparent entry is not an independent public AAPCS boundary."
0x00222564,92,caseD_19,non_callable_internal,not_independent_body,not_applicable,switch_owned_case,codebin_maintained_abi_small_tranche_156_exclusions.csv,Retains the exact native exclusion proved by the maintained-ABI closure audit.
0x002225CC,84,caseD_3_002225cc,non_callable_internal,not_independent_body,not_applicable,switch_owned_case,codebin_maintained_abi_small_tranche_156_exclusions.csv,Retains the exact native exclusion proved by the maintained-ABI closure audit.
0x0022262C,92,caseD_1b,non_callable_internal,not_independent_body,not_applicable,switch_owned_case,codebin_maintained_abi_small_tranche_156_exclusions.csv,Retains the exact native exclusion proved by the maintained-ABI closure audit.
0x00222694,84,caseD_1_00222694,non_callable_internal,not_independent_body,not_applicable,switch_owned_case,codebin_maintained_abi_small_tranche_156_exclusions.csv,Retains the exact native exclusion proved by the maintained-ABI closure audit.
0x002226F4,276,caseD_10,non_callable_internal,not_independent_body,not_applicable,switch_owned_case,codebin_maintained_abi_large_tranche_158_exclusions.csv,Retains the exact native exclusion proved by the maintained-ABI closure audit.
0x00222818,276,caseD_13,non_callable_internal,not_independent_body,not_applicable,switch_owned_case,codebin_maintained_abi_large_tranche_158_exclusions.csv,Retains the exact native exclusion proved by the maintained-ABI closure audit.
0x0022293C,84,caseD_18,non_callable_internal,not_independent_body,not_applicable,switch_owned_case,codebin_maintained_abi_small_tranche_156_exclusions.csv,Retains the exact native exclusion proved by the maintained-ABI closure audit.
0x0022299C,92,caseD_1a,non_callable_internal,not_independent_body,not_applicable,switch_owned_case,codebin_maintained_abi_small_tranche_156_exclusions.csv,Retains the exact native exclusion proved by the maintained-ABI closure audit.
0x00222A04,84,caseD_2_00222a04,non_callable_internal,not_independent_body,not_applicable,switch_owned_case,codebin_maintained_abi_small_tranche_156_exclusions.csv,Retains the exact native exclusion proved by the maintained-ABI closure audit.
0x00222A64,92,caseD_f,non_callable_internal,not_independent_body,not_applicable,switch_owned_case,codebin_maintained_abi_small_tranche_156_exclusions.csv,Retains the exact native exclusion proved by the maintained-ABI closure audit.
0x002247F8,796,caseD_1_002247f8,non_callable_internal,not_independent_body,not_applicable,switch_owned_case,codebin_maintained_abi_xlarge_tranche_159_exclusions.csv,Retains the exact native exclusion proved by the maintained-ABI closure audit.
0x00224B24,52,caseD_1_00224b24,non_callable_internal,not_independent_body,not_applicable,switch_owned_case,codebin_maintained_abi_micro_tranche_155_exclusions.csv,Retains the exact native exclusion proved by the maintained-ABI closure audit.
0x0022E48C,80,caseD_2_0022e48c,non_callable_internal,not_independent_body,not_applicable,switch_owned_case,codebin_maintained_abi_small_tranche_156_exclusions.csv,Retains the exact native exclusion proved by the maintained-ABI closure audit.
0x00243F54,72,caseD_2_00243f54,non_callable_internal,not_independent_body,not_applicable,switch_owned_case,codebin_maintained_abi_small_tranche_156_exclusions.csv,Retains the exact native exclusion proved by the maintained-ABI closure audit.
0x00243FAC,92,caseD_7,non_callable_internal,not_independent_body,not_applicable,switch_owned_case,codebin_maintained_abi_small_tranche_156_exclusions.csv,Retains the exact native exclusion proved by the maintained-ABI closure audit.
0x00244014,92,caseD_16,non_callable_internal,not_independent_body,not_applicable,switch_owned_case,codebin_maintained_abi_small_tranche_156_exclusions.csv,Retains the exact native exclusion proved by the maintained-ABI closure audit.
0x0024407C,84,caseD_9,non_callable_internal,not_independent_body,not_applicable,switch_owned_case,codebin_maintained_abi_small_tranche_156_exclusions.csv,Retains the exact native exclusion proved by the maintained-ABI closure audit.
0x002440DC,92,caseD_6,non_callable_internal,not_independent_body,not_applicable,switch_owned_case,codebin_maintained_abi_small_tranche_156_exclusions.csv,Retains the exact native exclusion proved by the maintained-ABI closure audit.
0x00244144,92,caseD_8,non_callable_internal,not_independent_body,not_applicable,switch_owned_case,codebin_maintained_abi_small_tranche_156_exclusions.csv,Retains the exact native exclusion proved by the maintained-ABI closure audit.
0x002441AC,84,caseD_a,non_callable_internal,not_independent_body,not_applicable,switch_owned_case,codebin_maintained_abi_small_tranche_156_exclusions.csv,Retains the exact native exclusion proved by the maintained-ABI closure audit.
0x0024420C,84,caseD_b,non_callable_internal,not_independent_body,not_applicable,switch_owned_case,codebin_maintained_abi_small_tranche_156_exclusions.csv,Retains the exact native exclusion proved by the maintained-ABI closure audit.
0x0024426C,92,caseD_17,non_callable_internal,not_independent_body,not_applicable,switch_owned_case,codebin_maintained_abi_small_tranche_156_exclusions.csv,Retains the exact native exclusion proved by the maintained-ABI closure audit.
0x002442D4,92,caseD_e,non_callable_internal,not_independent_body,not_applicable,switch_owned_case,codebin_maintained_abi_small_tranche_156_exclusions.csv,Retains the exact native exclusion proved by the maintained-ABI closure audit.
0x0024433C,84,caseD_4_0024433c,non_callable_internal,not_independent_body,not_applicable,switch_owned_case,codebin_maintained_abi_small_tranche_156_exclusions.csv,Retains the exact native exclusion proved by the maintained-ABI closure audit.
0x0024439C,92,caseD_5,non_callable_internal,not_independent_body,not_applicable,switch_owned_case,codebin_maintained_abi_small_tranche_156_exclusions.csv,Retains the exact native exclusion proved by the maintained-ABI closure audit.
0x00244404,92,caseD_12,non_callable_internal,not_independent_body,not_applicable,switch_owned_case,codebin_maintained_abi_small_tranche_156_exclusions.csv,Retains the exact native exclusion proved by the maintained-ABI closure audit.
0x0024446C,92,caseD_1c,non_callable_internal,not_independent_body,not_applicable,switch_owned_case,codebin_maintained_abi_small_tranche_156_exclusions.csv,Retains the exact native exclusion proved by the maintained-ABI closure audit.
0x002444D4,132,caseD_14,non_callable_internal,not_independent_body,not_applicable,switch_owned_case,codebin_maintained_abi_medium_tranche_157_exclusions.csv,Retains the exact native exclusion proved by the maintained-ABI closure audit.
0x00244568,84,caseD_15,non_callable_internal,not_independent_body,not_applicable,switch_owned_case,codebin_maintained_abi_small_tranche_156_exclusions.csv,Retains the exact native exclusion proved by the maintained-ABI closure audit.
0x00245094,404,caseD_1_00245094,non_callable_internal,not_independent_body,not_applicable,switch_owned_case,codebin_maintained_abi_large_tranche_158_exclusions.csv,Retains the exact native exclusion proved by the maintained-ABI closure audit.
0x00245240,80,caseD_2_00245240,non_callable_internal,not_independent_body,not_applicable,switch_owned_case,codebin_maintained_abi_small_tranche_156_exclusions.csv,Retains the exact native exclusion proved by the maintained-ABI closure audit.
0x00245298,72,caseD_2_00245298,non_callable_internal,not_independent_body,not_applicable,switch_owned_case,codebin_maintained_abi_small_tranche_156_exclusions.csv,Retains the exact native exclusion proved by the maintained-ABI closure audit.
0x0024CDF4,140,caseD_1_0024cdf4,non_callable_internal,not_independent_body,not_applicable,switch_owned_case,codebin_maintained_abi_medium_tranche_157_exclusions.csv,Retains the exact native exclusion proved by the maintained-ABI closure audit.
0x0024CEC0,164,caseD_0_0024cec0,non_callable_internal,not_independent_body,not_applicable,switch_owned_case,codebin_maintained_abi_medium_tranche_157_exclusions.csv,Retains the exact native exclusion proved by the maintained-ABI closure audit.
0x0024D024,160,caseD_c,non_callable_internal,not_independent_body,not_applicable,switch_owned_case,codebin_maintained_abi_medium_tranche_157_exclusions.csv,Retains the exact native exclusion proved by the maintained-ABI closure audit.
0x0026285C,108,caseD_14_0026285c,non_callable_internal,not_independent_body,not_applicable,switch_owned_case,codebin_maintained_abi_small_tranche_156_exclusions.csv,Retains the exact native exclusion proved by the maintained-ABI closure audit.
0x002628CC,88,caseD_16_002628cc,non_callable_internal,not_independent_body,not_applicable,switch_owned_case,codebin_maintained_abi_small_tranche_156_exclusions.csv,Retains the exact native exclusion proved by the maintained-ABI closure audit.
0x00262924,132,caseD_1_00262924,non_callable_internal,not_independent_body,not_applicable,switch_owned_case,codebin_maintained_abi_medium_tranche_157_exclusions.csv,Retains the exact native exclusion proved by the maintained-ABI closure audit.
0x002629A8,88,caseD_e_002629a8,non_callable_internal,not_independent_body,not_applicable,switch_owned_case,codebin_maintained_abi_small_tranche_156_exclusions.csv,Retains the exact native exclusion proved by the maintained-ABI closure audit.
0x00262A00,88,caseD_f_00262a00,non_callable_internal,not_independent_body,not_applicable,switch_owned_case,codebin_maintained_abi_small_tranche_156_exclusions.csv,Retains the exact native exclusion proved by the maintained-ABI closure audit.
0x00262A58,88,caseD_13_00262a58,non_callable_internal,not_independent_body,not_applicable,switch_owned_case,codebin_maintained_abi_small_tranche_156_exclusions.csv,Retains the exact native exclusion proved by the maintained-ABI closure audit.
0x00262AB0,88,caseD_15_00262ab0,non_callable_internal,not_independent_body,not_applicable,switch_owned_case,codebin_maintained_abi_small_tranche_156_exclusions.csv,Retains the exact native exclusion proved by the maintained-ABI closure audit.
0x00262B08,96,caseD_2_00262b08,non_callable_internal,not_independent_body,not_applicable,switch_owned_case,codebin_maintained_abi_small_tranche_156_exclusions.csv,Retains the exact native exclusion proved by the maintained-ABI closure audit.
0x00262B68,40,caseD_d,non_callable_internal,not_independent_body,not_applicable,switch_owned_case,codebin_maintained_abi_micro_tranche_155_exclusions.csv,Retains the exact native exclusion proved by the maintained-ABI closure audit.
0x00262B90,84,caseD_c_00262b90,non_callable_internal,not_independent_body,not_applicable,switch_owned_case,codebin_maintained_abi_small_tranche_156_exclusions.csv,Retains the exact native exclusion proved by the maintained-ABI closure audit.
0x00262BF0,92,caseD_d_00262bf0,non_callable_internal,not_independent_body,not_applicable,switch_owned_case,codebin_maintained_abi_small_tranche_156_exclusions.csv,Retains the exact native exclusion proved by the maintained-ABI closure audit.
0x0026B1DC,140,caseD_2_0026b1dc,non_callable_internal,not_independent_body,not_applicable,switch_owned_case,codebin_maintained_abi_medium_tranche_157_exclusions.csv,Retains the exact native exclusion proved by the maintained-ABI closure audit.
0x0026BF1C,160,caseD_12_0026bf1c,non_callable_internal,not_independent_body,not_applicable,switch_owned_case,codebin_maintained_abi_medium_tranche_157_exclusions.csv,Retains the exact native exclusion proved by the maintained-ABI closure audit.
0x0026BFC4,500,caseD_1_0026bfc4,non_callable_internal,not_independent_body,not_applicable,switch_owned_case,codebin_maintained_abi_large_tranche_158_exclusions.csv,Retains the exact native exclusion proved by the maintained-ABI closure audit.
0x0026C1D8,164,caseD_9_0026c1d8,non_callable_internal,not_independent_body,not_applicable,switch_owned_case,codebin_maintained_abi_medium_tranche_157_exclusions.csv,Retains the exact native exclusion proved by the maintained-ABI closure audit.
0x0026C28C,140,caseD_7_0026c28c,non_callable_internal,not_independent_body,not_applicable,switch_owned_case,codebin_maintained_abi_medium_tranche_157_exclusions.csv,Retains the exact native exclusion proved by the maintained-ABI closure audit.
0x0026C328,348,caseD_0_0026c328,non_callable_internal,not_independent_body,not_applicable,switch_owned_case,codebin_maintained_abi_large_tranche_158_exclusions.csv,Retains the exact native exclusion proved by the maintained-ABI closure audit.
0x0026D89C,136,caseD_2_0026d89c,non_callable_internal,not_independent_body,not_applicable,switch_owned_case,codebin_maintained_abi_medium_tranche_157_exclusions.csv,Retains the exact native exclusion proved by the maintained-ABI closure audit.
0x0026DB7C,140,caseD_1_0026db7c,non_callable_internal,not_independent_body,not_applicable,switch_owned_case,codebin_maintained_abi_medium_tranche_157_exclusions.csv,Retains the exact native exclusion proved by the maintained-ABI closure audit.
0x0026DC48,164,caseD_0_0026dc48,non_callable_internal,not_independent_body,not_applicable,switch_owned_case,codebin_maintained_abi_medium_tranche_157_exclusions.csv,Retains the exact native exclusion proved by the maintained-ABI closure audit.
0x00271ED8,1768,caseD_10_00271ed8,non_callable_internal,not_independent_body,not_applicable,switch_owned_case,codebin_maintained_abi_xxlarge_tranche_160_exclusions.csv,Retains the exact native exclusion proved by the maintained-ABI closure audit.
0x0027CF14,136,caseD_1_0027cf14,non_callable_internal,not_independent_body,not_applicable,switch_owned_case,codebin_maintained_abi_medium_tranche_157_exclusions.csv,Retains the exact native exclusion proved by the maintained-ABI closure audit.
0x0027CFD4,164,caseD_0_0027cfd4,non_callable_internal,not_independent_body,not_applicable,switch_owned_case,codebin_maintained_abi_medium_tranche_157_exclusions.csv,Retains the exact native exclusion proved by the maintained-ABI closure audit.
0x0027D0AC,88,caseD_11,non_callable_internal,not_independent_body,not_applicable,switch_owned_case,codebin_maintained_abi_small_tranche_156_exclusions.csv,Retains the exact native exclusion proved by the maintained-ABI closure audit.
0x0027D104,40,caseD_9_0027d104,non_callable_internal,not_independent_body,not_applicable,switch_owned_case,codebin_maintained_abi_micro_tranche_155_exclusions.csv,Retains the exact native exclusion proved by the maintained-ABI closure audit.
0x0027D12C,88,caseD_6_0027d12c,non_callable_internal,not_independent_body,not_applicable,switch_owned_case,codebin_maintained_abi_small_tranche_156_exclusions.csv,Retains the exact native exclusion proved by the maintained-ABI closure audit.
0x0027D184,88,caseD_8_0027d184,non_callable_internal,not_independent_body,not_applicable,switch_owned_case,codebin_maintained_abi_small_tranche_156_exclusions.csv,Retains the exact native exclusion proved by the maintained-ABI closure audit.
0x0027D1DC,40,caseD_a_0027d1dc,non_callable_internal,not_independent_body,not_applicable,switch_owned_case,codebin_maintained_abi_micro_tranche_155_exclusions.csv,Retains the exact native exclusion proved by the maintained-ABI closure audit.
0x0027D204,244,caseD_b_0027d204,non_callable_internal,not_independent_body,not_applicable,switch_owned_case,codebin_maintained_abi_medium_tranche_157_exclusions.csv,Retains the exact native exclusion proved by the maintained-ABI closure audit.
0x0027D32C,196,caseD_c_0027d32c,non_callable_internal,not_independent_body,not_applicable,switch_owned_case,codebin_maintained_abi_medium_tranche_157_exclusions.csv,Retains the exact native exclusion proved by the maintained-ABI closure audit.
0x0027D3F4,60,caseD_4_0027d3f4,non_callable_internal,not_independent_body,not_applicable,switch_owned_case,codebin_maintained_abi_micro_tranche_155_exclusions.csv,Retains the exact native exclusion proved by the maintained-ABI closure audit.
0x0027D430,132,caseD_5_0027d430,non_callable_internal,not_independent_body,not_applicable,switch_owned_case,codebin_maintained_abi_medium_tranche_157_exclusions.csv,Retains the exact native exclusion proved by the maintained-ABI closure audit.
0x0027D4B8,116,caseD_17_0027d4b8,non_callable_internal,not_independent_body,not_applicable,switch_owned_case,codebin_maintained_abi_small_tranche_156_exclusions.csv,Retains the exact native exclusion proved by the maintained-ABI closure audit.
0x0027D52C,40,caseD_10_0027d52c,non_callable_internal,not_independent_body,not_applicable,switch_owned_case,codebin_maintained_abi_micro_tranche_155_exclusions.csv,Retains the exact native exclusion proved by the maintained-ABI closure audit.
0x0027D554,172,caseD_11_0027d554,non_callable_internal,not_independent_body,not_applicable,switch_owned_case,codebin_maintained_abi_medium_tranche_157_exclusions.csv,Retains the exact native exclusion proved by the maintained-ABI closure audit.
0x0027D61C,272,caseD_2_0027d61c,non_callable_internal,not_independent_body,not_applicable,switch_owned_case,codebin_maintained_abi_large_tranche_158_exclusions.csv,Retains the exact native exclusion proved by the maintained-ABI closure audit.
0x0027D748,164,caseD_1_0027d748,non_callable_internal,not_independent_body,not_applicable,switch_owned_case,codebin_maintained_abi_medium_tranche_157_exclusions.csv,Retains the exact native exclusion proved by the maintained-ABI closure audit.
0x0027D884,376,caseD_8_0027d884,non_callable_internal,not_independent_body,not_applicable,switch_owned_case,codebin_maintained_abi_large_tranche_158_exclusions.csv,Retains the exact native exclusion proved by the maintained-ABI closure audit.
0x0027DA2C,340,caseD_e_0027da2c,non_callable_internal,not_independent_body,not_applicable,switch_owned_case,codebin_maintained_abi_large_tranche_158_exclusions.csv,Retains the exact native exclusion proved by the maintained-ABI closure audit.
0x0027DBB0,340,caseD_f_0027dbb0,non_callable_internal,not_independent_body,not_applicable,switch_owned_case,codebin_maintained_abi_large_tranche_158_exclusions.csv,Retains the exact native exclusion proved by the maintained-ABI closure audit.
0x0027DD38,192,caseD_1_0027dd38,non_callable_internal,not_independent_body,not_applicable,switch_owned_case,codebin_maintained_abi_medium_tranche_157_exclusions.csv,Retains the exact native exclusion proved by the maintained-ABI closure audit.
0x0027DE44,164,caseD_0_0027de44,non_callable_internal,not_independent_body,not_applicable,switch_owned_case,codebin_maintained_abi_medium_tranche_157_exclusions.csv,Retains the exact native exclusion proved by the maintained-ABI closure audit.
0x0027DF24,140,caseD_1_0027df24,non_callable_internal,not_independent_body,not_applicable,switch_owned_case,codebin_maintained_abi_medium_tranche_157_exclusions.csv,Retains the exact native exclusion proved by the maintained-ABI closure audit.
0x0027DFE8,164,caseD_0_0027dfe8,non_callable_internal,not_independent_body,not_applicable,switch_owned_case,codebin_maintained_abi_medium_tranche_157_exclusions.csv,Retains the exact native exclusion proved by the maintained-ABI closure audit.
0x00281938,136,caseD_1_00281938,non_callable_internal,not_independent_body,not_applicable,switch_owned_case,codebin_maintained_abi_medium_tranche_157_exclusions.csv,Retains the exact native exclusion proved by the maintained-ABI closure audit.
0x00281A5C,108,caseD_3_00281a5c,non_callable_internal,not_independent_body,not_applicable,switch_owned_case,codebin_maintained_abi_small_tranche_156_exclusions.csv,Retains the exact native exclusion proved by the maintained-ABI closure audit.
0x00281BD4,192,caseD_6_00281bd4,non_callable_internal,not_independent_body,not_applicable,switch_owned_case,codebin_maintained_abi_medium_tranche_157_exclusions.csv,Retains the exact native exclusion proved by the maintained-ABI closure audit.
0x00281CA8,176,caseD_47,non_callable_internal,not_independent_body,not_applicable,switch_owned_case,codebin_maintained_abi_medium_tranche_157_exclusions.csv,Retains the exact native exclusion proved by the maintained-ABI closure audit.
0x00283944,120,caseD_1_00283944,non_callable_internal,not_independent_body,not_applicable,switch_owned_case,codebin_maintained_abi_small_tranche_156_exclusions.csv,Retains the exact native exclusion proved by the maintained-ABI closure audit.
0x00283A94,164,caseD_2_00283a94,non_callable_internal,not_independent_body,not_applicable,switch_owned_case,codebin_maintained_abi_medium_tranche_157_exclusions.csv,Retains the exact native exclusion proved by the maintained-ABI closure audit.
0x00283B4C,136,caseD_2_00283b4c,non_callable_internal,not_independent_body,not_applicable,switch_owned_case,codebin_maintained_abi_medium_tranche_157_exclusions.csv,Retains the exact native exclusion proved by the maintained-ABI closure audit.
0x002852E4,96,FUN_002852e4,historical_non_autonomous_boundary,not_independent_body,not_applicable,historical_boundary_quarantine,analysis/codebin_decompilation_batch_154.md,"Direct dependencies are maintained, but the range/owner audits prove this apparent entry is not an independent public AAPCS boundary."
0x0028534C,360,caseD_16_0028534c,non_callable_internal,not_independent_body,not_applicable,switch_owned_case,codebin_maintained_abi_large_tranche_158_exclusions.csv,Retains the exact native exclusion proved by the maintained-ABI closure audit.
0x00287E2C,252,FUN_00287e2c,historical_non_autonomous_boundary,not_independent_body,not_applicable,historical_boundary_quarantine,analysis/codebin_decompilation_batch_154.md,"Direct dependencies are maintained, but the range/owner audits prove this apparent entry is not an independent public AAPCS boundary."
0x0028E374,284,caseD_f_0028e374,non_callable_internal,not_independent_body,not_applicable,switch_owned_case,codebin_maintained_abi_large_tranche_158_exclusions.csv,Retains the exact native exclusion proved by the maintained-ABI closure audit.
0x0028E4A0,284,caseD_10_0028e4a0,non_callable_internal,not_independent_body,not_applicable,switch_owned_case,codebin_maintained_abi_large_tranche_158_exclusions.csv,Retains the exact native exclusion proved by the maintained-ABI closure audit.
0x0028E5CC,284,caseD_11_0028e5cc,non_callable_internal,not_independent_body,not_applicable,switch_owned_case,codebin_maintained_abi_large_tranche_158_exclusions.csv,Retains the exact native exclusion proved by the maintained-ABI closure audit.
0x0028E95C,1104,caseD_0_0028e95c,non_callable_internal,not_independent_body,not_applicable,switch_owned_case,codebin_maintained_abi_xxlarge_tranche_160_exclusions.csv,Retains the exact native exclusion proved by the maintained-ABI closure audit.
0x0028EE04,96,caseD_1_0028ee04,non_callable_internal,not_independent_body,not_applicable,switch_owned_case,codebin_maintained_abi_small_tranche_156_exclusions.csv,Retains the exact native exclusion proved by the maintained-ABI closure audit.
0x0028EE64,88,caseD_2_0028ee64,non_callable_internal,not_independent_body,not_applicable,switch_owned_case,codebin_maintained_abi_small_tranche_156_exclusions.csv,Retains the exact native exclusion proved by the maintained-ABI closure audit.
0x0028EEBC,188,caseD_6_0028eebc,non_callable_internal,not_independent_body,not_applicable,switch_owned_case,codebin_maintained_abi_medium_tranche_157_exclusions.csv,Retains the exact native exclusion proved by the maintained-ABI closure audit.
0x0028EF90,176,caseD_7_0028ef90,non_callable_internal,not_independent_body,not_applicable,switch_owned_case,codebin_maintained_abi_medium_tranche_157_exclusions.csv,Retains the exact native exclusion proved by the maintained-ABI closure audit.
0x0028F058,432,caseD_5_0028f058,non_callable_internal,not_independent_body,not_applicable,switch_owned_case,codebin_maintained_abi_large_tranche_158_exclusions.csv,Retains the exact native exclusion proved by the maintained-ABI closure audit.
0x0028F108,128,caseD_2_0028f108,non_callable_internal,not_independent_body,not_applicable,switch_owned_case,codebin_maintained_abi_small_tranche_156_exclusions.csv,Retains the exact native exclusion proved by the maintained-ABI closure audit.
0x0028F3F8,372,caseD_11_0028f3f8,non_callable_internal,not_independent_body,not_applicable,switch_owned_case,codebin_maintained_abi_large_tranche_158_exclusions.csv,Retains the exact native exclusion proved by the maintained-ABI closure audit.
0x002930A8,116,caseD_4_002930a8,non_callable_internal,not_independent_body,not_applicable,switch_owned_case,codebin_maintained_abi_small_tranche_156_exclusions.csv,Retains the exact native exclusion proved by the maintained-ABI closure audit.
0x00293124,232,caseD_14_00293124,non_callable_internal,not_independent_body,not_applicable,switch_owned_case,codebin_maintained_abi_medium_tranche_157_exclusions.csv,Retains the exact native exclusion proved by the maintained-ABI closure audit.
0x002932EC,492,caseD_2_002932ec,non_callable_internal,not_independent_body,not_applicable,switch_owned_case,codebin_maintained_abi_large_tranche_158_exclusions.csv,Retains the exact native exclusion proved by the maintained-ABI closure audit.
0x00293510,160,caseD_35,non_callable_internal,not_independent_body,not_applicable,switch_owned_case,codebin_maintained_abi_medium_tranche_157_exclusions.csv,Retains the exact native exclusion proved by the maintained-ABI closure audit.
0x002935B0,436,caseD_3d,non_callable_internal,not_independent_body,not_applicable,switch_owned_case,codebin_maintained_abi_large_tranche_158_exclusions.csv,Retains the exact native exclusion proved by the maintained-ABI closure audit.
0x00293790,180,caseD_4d,non_callable_internal,not_independent_body,not_applicable,switch_owned_case,codebin_maintained_abi_medium_tranche_157_exclusions.csv,Retains the exact native exclusion proved by the maintained-ABI closure audit.
0x0029384C,180,caseD_44,non_callable_internal,not_independent_body,not_applicable,switch_owned_case,codebin_maintained_abi_medium_tranche_157_exclusions.csv,Retains the exact native exclusion proved by the maintained-ABI closure audit.
0x00293910,156,caseD_42,non_callable_internal,not_independent_body,not_applicable,switch_owned_case,codebin_maintained_abi_medium_tranche_157_exclusions.csv,Retains the exact native exclusion proved by the maintained-ABI closure audit.
0x00294FB4,116,caseD_1_00294fb4,non_callable_internal,not_independent_body,not_applicable,switch_owned_case,codebin_maintained_abi_small_tranche_156_exclusions.csv,Retains the exact native exclusion proved by the maintained-ABI closure audit.
0x0029529C,88,caseD_1_0029529c,non_callable_internal,not_independent_body,not_applicable,switch_owned_case,codebin_maintained_abi_small_tranche_156_exclusions.csv,Retains the exact native exclusion proved by the maintained-ABI closure audit.
0x00296914,80,caseD_d_00296914,non_callable_internal,not_independent_body,not_applicable,switch_owned_case,codebin_maintained_abi_small_tranche_156_exclusions.csv,Retains the exact native exclusion proved by the maintained-ABI closure audit.
0x002969BC,100,caseD_e_002969bc,non_callable_internal,not_independent_body,not_applicable,switch_owned_case,codebin_maintained_abi_small_tranche_156_exclusions.csv,Retains the exact native exclusion proved by the maintained-ABI closure audit.
0x002999D8,72,FUN_002999d8,historical_non_autonomous_boundary,not_independent_body,not_applicable,historical_boundary_quarantine,analysis/codebin_decompilation_batch_154.md,"Direct dependencies are maintained, but the range/owner audits prove this apparent entry is not an independent public AAPCS boundary."
0x002A0DB8,80,caseD_1_002a0db8,non_callable_internal,not_independent_body,not_applicable,switch_owned_case,codebin_maintained_abi_small_tranche_156_exclusions.csv,Retains the exact native exclusion proved by the maintained-ABI closure audit.
0x002A0E08,340,caseD_1_002a0e08,non_callable_internal,not_independent_body,not_applicable,switch_owned_case,codebin_maintained_abi_large_tranche_158_exclusions.csv,Retains the exact native exclusion proved by the maintained-ABI closure audit.
0x002A0F70,52,caseD_2_002a0f70,non_callable_internal,not_independent_body,not_applicable,switch_owned_case,codebin_maintained_abi_micro_tranche_155_exclusions.csv,Retains the exact native exclusion proved by the maintained-ABI closure audit.
0x002A0FA4,52,caseD_3_002a0fa4,non_callable_internal,not_independent_body,not_applicable,switch_owned_case,codebin_maintained_abi_micro_tranche_155_exclusions.csv,Retains the exact native exclusion proved by the maintained-ABI closure audit.
0x002A0FD8,324,caseD_7_002a0fd8,non_callable_internal,not_independent_body,not_applicable,switch_owned_case,codebin_maintained_abi_large_tranche_158_exclusions.csv,Retains the exact native exclusion proved by the maintained-ABI closure audit.
0x002A1130,324,caseD_8_002a1130,non_callable_internal,not_independent_body,not_applicable,switch_owned_case,codebin_maintained_abi_large_tranche_158_exclusions.csv,Retains the exact native exclusion proved by the maintained-ABI closure audit.
0x002A1288,96,caseD_b_002a1288,non_callable_internal,not_independent_body,not_applicable,switch_owned_case,codebin_maintained_abi_small_tranche_156_exclusions.csv,Retains the exact native exclusion proved by the maintained-ABI closure audit.
0x002A12F8,140,caseD_c_002a12f8,non_callable_internal,not_independent_body,not_applicable,switch_owned_case,codebin_maintained_abi_medium_tranche_157_exclusions.csv,Retains the exact native exclusion proved by the maintained-ABI closure audit.
0x002A13A0,140,caseD_d_002a13a0,non_callable_internal,not_independent_body,not_applicable,switch_owned_case,codebin_maintained_abi_medium_tranche_157_exclusions.csv,Retains the exact native exclusion proved by the maintained-ABI closure audit.
0x002A144C,404,caseD_1_002a144c,non_callable_internal,not_independent_body,not_applicable,switch_owned_case,codebin_maintained_abi_large_tranche_158_exclusions.csv,Retains the exact native exclusion proved by the maintained-ABI closure audit.
0x002A439C,896,caseD_1c_002a439c,non_callable_internal,not_independent_body,not_applicable,switch_owned_case,codebin_maintained_abi_xlarge_tranche_159_exclusions.csv,Retains the exact native exclusion proved by the maintained-ABI closure audit.
0x002A473C,176,caseD_25,non_callable_internal,not_independent_body,not_applicable,switch_owned_case,codebin_maintained_abi_medium_tranche_157_exclusions.csv,Retains the exact native exclusion proved by the maintained-ABI closure audit.
0x002A47FC,176,caseD_36,non_callable_internal,not_independent_body,not_applicable,switch_owned_case,codebin_maintained_abi_medium_tranche_157_exclusions.csv,Retains the exact native exclusion proved by the maintained-ABI closure audit.
0x002A48C0,224,caseD_41,non_callable_internal,not_independent_body,not_applicable,switch_owned_case,codebin_maintained_abi_medium_tranche_157_exclusions.csv,Retains the exact native exclusion proved by the maintained-ABI closure audit.
0x002A49B4,72,caseD_40,non_callable_internal,not_independent_body,not_applicable,switch_owned_case,codebin_maintained_abi_small_tranche_156_exclusions.csv,Retains the exact native exclusion proved by the maintained-ABI closure audit.
0x002A4A24,32,caseD_4c,non_callable_internal,not_independent_body,not_applicable,switch_owned_case,codebin_maintained_abi_micro_tranche_155_exclusions.csv,Retains the exact native exclusion proved by the maintained-ABI closure audit.
0x002A5F08,232,caseD_a_002a5f08,non_callable_internal,not_independent_body,not_applicable,switch_owned_case,codebin_maintained_abi_medium_tranche_157_exclusions.csv,Retains the exact native exclusion proved by the maintained-ABI closure audit.
0x002A76B8,100,caseD_10_002a76b8,non_callable_internal,not_independent_body,not_applicable,switch_owned_case,codebin_maintained_abi_small_tranche_156_exclusions.csv,Retains the exact native exclusion proved by the maintained-ABI closure audit.
0x002A79D4,540,caseD_22,non_callable_internal,not_independent_body,not_applicable,switch_owned_case,codebin_maintained_abi_xlarge_tranche_159_exclusions.csv,Retains the exact native exclusion proved by the maintained-ABI closure audit.
0x002A7C1C,180,caseD_24,non_callable_internal,not_independent_body,not_applicable,switch_owned_case,codebin_maintained_abi_medium_tranche_157_exclusions.csv,Retains the exact native exclusion proved by the maintained-ABI closure audit.
0x002A7CDC,292,caseD_25_002a7cdc,non_callable_internal,not_independent_body,not_applicable,switch_owned_case,codebin_maintained_abi_large_tranche_158_exclusions.csv,Retains the exact native exclusion proved by the maintained-ABI closure audit.
0x002A7E24,508,caseD_1b_002a7e24,non_callable_internal,not_independent_body,not_applicable,switch_owned_case,codebin_maintained_abi_large_tranche_158_exclusions.csv,Retains the exact native exclusion proved by the maintained-ABI closure audit.
0x002A8044,744,caseD_22_002a8044,non_callable_internal,not_independent_body,not_applicable,switch_owned_case,codebin_maintained_abi_xlarge_tranche_159_exclusions.csv,Retains the exact native exclusion proved by the maintained-ABI closure audit.
0x002A9F68,88,FUN_002a9f68,historical_non_autonomous_boundary,not_independent_body,not_applicable,historical_boundary_quarantine,analysis/codebin_decompilation_batch_154.md,"Direct dependencies are maintained, but the range/owner audits prove this apparent entry is not an independent public AAPCS boundary."
0x002AAFDC,520,FUN_002aafdc,historical_non_autonomous_boundary,not_independent_body,not_applicable,historical_boundary_quarantine,analysis/codebin_decompilation_batch_154.md,"Direct dependencies are maintained, but the range/owner audits prove this apparent entry is not an independent public AAPCS boundary."
0x002AE21C,44,caseD_10_002ae21c,non_callable_internal,not_independent_body,not_applicable,switch_owned_case,codebin_maintained_abi_micro_tranche_155_exclusions.csv,Retains the exact native exclusion proved by the maintained-ABI closure audit.
0x002AE248,44,caseD_11_002ae248,non_callable_internal,not_independent_body,not_applicable,switch_owned_case,codebin_maintained_abi_micro_tranche_155_exclusions.csv,Retains the exact native exclusion proved by the maintained-ABI closure audit.
0x002AE274,44,caseD_12_002ae274,non_callable_internal,not_independent_body,not_applicable,switch_owned_case,codebin_maintained_abi_micro_tranche_155_exclusions.csv,Retains the exact native exclusion proved by the maintained-ABI closure audit.
0x002AE2A0,648,caseD_12_002ae2a0,non_callable_internal,not_independent_body,not_applicable,switch_owned_case,codebin_maintained_abi_xlarge_tranche_159_exclusions.csv,Retains the exact native exclusion proved by the maintained-ABI closure audit.
0x002AE53C,632,caseD_13_002ae53c,non_callable_internal,not_independent_body,not_applicable,switch_owned_case,codebin_maintained_abi_xlarge_tranche_159_exclusions.csv,Retains the exact native exclusion proved by the maintained-ABI closure audit.
0x002AE7C4,428,caseD_14_002ae7c4,non_callable_internal,not_independent_body,not_applicable,switch_owned_case,codebin_maintained_abi_large_tranche_158_exclusions.csv,Retains the exact native exclusion proved by the maintained-ABI closure audit.
0x002AE978,544,caseD_0_002ae978,non_callable_internal,not_independent_body,not_applicable,switch_owned_case,codebin_maintained_abi_xlarge_tranche_159_exclusions.csv,Retains the exact native exclusion proved by the maintained-ABI closure audit.
0x002AECD8,192,caseD_3_002aecd8,non_callable_internal,not_independent_body,not_applicable,switch_owned_case,codebin_maintained_abi_medium_tranche_157_exclusions.csv,Retains the exact native exclusion proved by the maintained-ABI closure audit.
0x002AEDA4,236,caseD_4_002aeda4,non_callable_internal,not_independent_body,not_applicable,switch_owned_case,codebin_maintained_abi_medium_tranche_157_exclusions.csv,Retains the exact native exclusion proved by the maintained-ABI closure audit.
0x002AEEA8,236,caseD_5_002aeea8,non_callable_internal,not_independent_body,not_applicable,switch_owned_case,codebin_maintained_abi_medium_tranche_157_exclusions.csv,Retains the exact native exclusion proved by the maintained-ABI closure audit.
0x002AF150,240,caseD_1b_002af150,non_callable_internal,not_independent_body,not_applicable,switch_owned_case,codebin_maintained_abi_medium_tranche_157_exclusions.csv,Retains the exact native exclusion proved by the maintained-ABI closure audit.
0x002B1A90,136,caseD_7_002b1a90,non_callable_internal,not_independent_body,not_applicable,switch_owned_case,codebin_maintained_abi_medium_tranche_157_exclusions.csv,Retains the exact native exclusion proved by the maintained-ABI closure audit.
0x002B1E14,876,FUN_002b1e14,historical_non_autonomous_boundary,not_independent_body,not_applicable,historical_boundary_quarantine,analysis/codebin_decompilation_batch_154.md,"Direct dependencies are maintained, but the range/owner audits prove this apparent entry is not an independent public AAPCS boundary."
0x002B21A4,140,caseD_b_002b21a4,non_callable_internal,not_independent_body,not_applicable,switch_owned_case,codebin_maintained_abi_medium_tranche_157_exclusions.csv,Retains the exact native exclusion proved by the maintained-ABI closure audit.
0x002B2240,180,caseD_2b,non_callable_internal,not_independent_body,not_applicable,switch_owned_case,codebin_maintained_abi_medium_tranche_157_exclusions.csv,Retains the exact native exclusion proved by the maintained-ABI closure audit.
0x002B22FC,148,caseD_1e,non_callable_internal,not_independent_body,not_applicable,switch_owned_case,codebin_maintained_abi_medium_tranche_157_exclusions.csv,Retains the exact native exclusion proved by the maintained-ABI closure audit.
0x002B2390,180,caseD_22_002b2390,non_callable_internal,not_independent_body,not_applicable,switch_owned_case,codebin_maintained_abi_medium_tranche_157_exclusions.csv,Retains the exact native exclusion proved by the maintained-ABI closure audit.
0x002B2454,156,caseD_20,non_callable_internal,not_independent_body,not_applicable,switch_owned_case,codebin_maintained_abi_medium_tranche_157_exclusions.csv,Retains the exact native exclusion proved by the maintained-ABI closure audit.
0x002B2500,180,caseD_1d,non_callable_internal,not_independent_body,not_applicable,switch_owned_case,codebin_maintained_abi_medium_tranche_157_exclusions.csv,Retains the exact native exclusion proved by the maintained-ABI closure audit.
0x002B25CC,456,caseD_37,non_callable_internal,not_independent_body,not_applicable,switch_owned_case,codebin_maintained_abi_large_tranche_158_exclusions.csv,Retains the exact native exclusion proved by the maintained-ABI closure audit.
0x002B27D8,132,caseD_38,non_callable_internal,not_independent_body,not_applicable,switch_owned_case,codebin_maintained_abi_medium_tranche_157_exclusions.csv,Retains the exact native exclusion proved by the maintained-ABI closure audit.
0x002B2884,72,caseD_3b,non_callable_internal,not_independent_body,not_applicable,switch_owned_case,codebin_maintained_abi_small_tranche_156_exclusions.csv,Retains the exact native exclusion proved by the maintained-ABI closure audit.
0x002B34FC,96,caseD_4_002b34fc,non_callable_internal,not_independent_body,not_applicable,switch_owned_case,codebin_maintained_abi_small_tranche_156_exclusions.csv,Retains the exact native exclusion proved by the maintained-ABI closure audit.
0x002B398C,416,caseD_13_002b398c,non_callable_internal,not_independent_body,not_applicable,switch_owned_case,codebin_maintained_abi_large_tranche_158_exclusions.csv,Retains the exact native exclusion proved by the maintained-ABI closure audit.
0x002B3B48,128,caseD_e_002b3b48,non_callable_internal,not_independent_body,not_applicable,switch_owned_case,codebin_maintained_abi_small_tranche_156_exclusions.csv,Retains the exact native exclusion proved by the maintained-ABI closure audit.
0x002B5B2C,72,caseD_f_002b5b2c,non_callable_internal,not_independent_body,not_applicable,switch_owned_case,codebin_maintained_abi_small_tranche_156_exclusions.csv,Retains the exact native exclusion proved by the maintained-ABI closure audit.
0x002B5CDC,72,caseD_13_002b5cdc,non_callable_internal,not_independent_body,not_applicable,switch_owned_case,codebin_maintained_abi_small_tranche_156_exclusions.csv,Retains the exact native exclusion proved by the maintained-ABI closure audit.
0x002B5F88,196,caseD_1e_002b5f88,non_callable_internal,not_independent_body,not_applicable,switch_owned_case,codebin_maintained_abi_medium_tranche_157_exclusions.csv,Retains the exact native exclusion proved by the maintained-ABI closure audit.
0x002B6060,124,caseD_1a_002b6060,non_callable_internal,not_independent_body,not_applicable,switch_owned_case,codebin_maintained_abi_small_tranche_156_exclusions.csv,Retains the exact native exclusion proved by the maintained-ABI closure audit.
0x002B60E4,220,caseD_1c_002b60e4,non_callable_internal,not_independent_body,not_applicable,switch_owned_case,codebin_maintained_abi_medium_tranche_157_exclusions.csv,Retains the exact native exclusion proved by the maintained-ABI closure audit.
0x002B61D4,224,caseD_19_002b61d4,non_callable_internal,not_independent_body,not_applicable,switch_owned_case,codebin_maintained_abi_medium_tranche_157_exclusions.csv,Retains the exact native exclusion proved by the maintained-ABI closure audit.
0x002B631C,196,caseD_11_002b631c,non_callable_internal,not_independent_body,not_applicable,switch_owned_case,codebin_maintained_abi_medium_tranche_157_exclusions.csv,Retains the exact native exclusion proved by the maintained-ABI closure audit.
0x002B63EC,148,caseD_d_002b63ec,non_callable_internal,not_independent_body,not_applicable,switch_owned_case,codebin_maintained_abi_medium_tranche_157_exclusions.csv,Retains the exact native exclusion proved by the maintained-ABI closure audit.
0x002B654C,360,caseD_10_002b654c,non_callable_internal,not_independent_body,not_applicable,switch_owned_case,codebin_maintained_abi_large_tranche_158_exclusions.csv,Retains the exact native exclusion proved by the maintained-ABI closure audit.
0x002BAE40,132,FUN_002bae40,historical_non_autonomous_boundary,not_independent_body,not_applicable,historical_boundary_quarantine,analysis/codebin_decompilation_batch_154.md,"Direct dependencies are maintained, but the range/owner audits prove this apparent entry is not an independent public AAPCS boundary."
0x002C4604,48,FUN_002c4604,historical_non_autonomous_boundary,not_independent_body,not_applicable,historical_boundary_quarantine,analysis/codebin_decompilation_batch_154.md,"Direct dependencies are maintained, but the range/owner audits prove this apparent entry is not an independent public AAPCS boundary."
0x002C83FC,56,FUN_002c83fc,historical_non_autonomous_boundary,not_independent_body,not_applicable,historical_boundary_quarantine,analysis/codebin_decompilation_batch_154.md,"Direct dependencies are maintained, but the range/owner audits prove this apparent entry is not an independent public AAPCS boundary."
0x002E1CE8,88,FUN_002e1ce8,historical_non_autonomous_boundary,not_independent_body,not_applicable,historical_boundary_quarantine,analysis/codebin_decompilation_batch_154.md,"Direct dependencies are maintained, but the range/owner audits prove this apparent entry is not an independent public AAPCS boundary."
0x002E6990,8,FUN_002e6990,historical_non_autonomous_boundary,not_independent_body,not_applicable,historical_boundary_quarantine,analysis/codebin_decompilation_batch_154.md,"Direct dependencies are maintained, but the range/owner audits prove this apparent entry is not an independent public AAPCS boundary."
0x002FAD1C,16,FUN_002fad1c,historical_non_autonomous_boundary,not_independent_body,not_applicable,historical_boundary_quarantine,analysis/codebin_decompilation_batch_154.md,"Direct dependencies are maintained, but the range/owner audits prove this apparent entry is not an independent public AAPCS boundary."
0x002FAE00,16,FUN_002fae00,historical_non_autonomous_boundary,not_independent_body,not_applicable,historical_boundary_quarantine,analysis/codebin_decompilation_batch_154.md,"Direct dependencies are maintained, but the range/owner audits prove this apparent entry is not an independent public AAPCS boundary."
0x0030250C,64,FUN_0030250c,historical_non_autonomous_boundary,not_independent_body,not_applicable,historical_boundary_quarantine,analysis/codebin_decompilation_batch_154.md,"Direct dependencies are maintained, but the range/owner audits prove this apparent entry is not an independent public AAPCS boundary."
0x00302BB8,20,FUN_00302bb8,historical_non_autonomous_boundary,not_independent_body,not_applicable,historical_boundary_quarantine,analysis/codebin_decompilation_batch_154.md,"Direct dependencies are maintained, but the range/owner audits prove this apparent entry is not an independent public AAPCS boundary."
0x0030C9E4,24,FUN_0030c9e4,historical_non_autonomous_boundary,not_independent_body,not_applicable,historical_boundary_quarantine,analysis/codebin_decompilation_batch_154.md,"Direct dependencies are maintained, but the range/owner audits prove this apparent entry is not an independent public AAPCS boundary."
0x0030D62C,8,FUN_0030d62c,historical_non_autonomous_boundary,not_independent_body,not_applicable,historical_boundary_quarantine,analysis/codebin_decompilation_batch_154.md,"Direct dependencies are maintained, but the range/owner audits prove this apparent entry is not an independent public AAPCS boundary."
0x0030E52C,24,FUN_0030e52c,historical_non_autonomous_boundary,not_independent_body,not_applicable,historical_boundary_quarantine,analysis/codebin_decompilation_batch_154.md,"Direct dependencies are maintained, but the range/owner audits prove this apparent entry is not an independent public AAPCS boundary."
0x0030F9F4,40,FUN_0030f9f4,historical_non_autonomous_boundary,not_independent_body,not_applicable,historical_boundary_quarantine,analysis/codebin_decompilation_batch_154.md,"Direct dependencies are maintained, but the range/owner audits prove this apparent entry is not an independent public AAPCS boundary."
0x00313EBC,40,FUN_00313ebc,historical_non_autonomous_boundary,not_independent_body,not_applicable,historical_boundary_quarantine,analysis/codebin_decompilation_batch_154.md,"Direct dependencies are maintained, but the range/owner audits prove this apparent entry is not an independent public AAPCS boundary."
0x00316D74,96,FUN_00316d74,historical_non_autonomous_boundary,not_independent_body,not_applicable,historical_boundary_quarantine,analysis/codebin_decompilation_batch_154.md,"Direct dependencies are maintained, but the range/owner audits prove this apparent entry is not an independent public AAPCS boundary."
0x0031A46C,368,caseD_10_0031a46c,non_callable_internal,not_independent_body,not_applicable,switch_owned_case,codebin_maintained_abi_large_tranche_158_exclusions.csv,Retains the exact native exclusion proved by the maintained-ABI closure audit.
0x0031C07C,396,caseD_a_0031c07c,non_callable_internal,not_independent_body,not_applicable,switch_owned_case,codebin_maintained_abi_large_tranche_158_exclusions.csv,Retains the exact native exclusion proved by the maintained-ABI closure audit.
0x00320FA0,236,caseD_d_00320fa0,non_callable_internal,not_independent_body,not_applicable,switch_owned_case,codebin_maintained_abi_medium_tranche_157_exclusions.csv,Retains the exact native exclusion proved by the maintained-ABI closure audit.
0x003236D4,424,caseD_11_003236d4,non_callable_internal,not_independent_body,not_applicable,switch_owned_case,codebin_maintained_abi_large_tranche_158_exclusions.csv,Retains the exact native exclusion proved by the maintained-ABI closure audit.
0x003238AC,228,caseD_8_003238ac,non_callable_internal,not_independent_body,not_applicable,switch_owned_case,codebin_maintained_abi_medium_tranche_157_exclusions.csv,Retains the exact native exclusion proved by the maintained-ABI closure audit.
0x003291C4,48,caseD_a_003291c4,non_callable_internal,not_independent_body,not_applicable,switch_owned_case,codebin_maintained_abi_micro_tranche_155_exclusions.csv,Retains the exact native exclusion proved by the maintained-ABI closure audit.
0x00329CD0,60,caseD_9_00329cd0,non_callable_internal,not_independent_body,not_applicable,switch_owned_case,codebin_maintained_abi_micro_tranche_155_exclusions.csv,Retains the exact native exclusion proved by the maintained-ABI closure audit.
0x0033E2A0,220,FUN_0033e2a0,historical_non_autonomous_boundary,not_independent_body,not_applicable,historical_boundary_quarantine,analysis/codebin_decompilation_batch_154.md,"Direct dependencies are maintained, but the range/owner audits prove this apparent entry is not an independent public AAPCS boundary."
0x00348054,160,FUN_00348054,historical_non_autonomous_boundary,not_independent_body,not_applicable,historical_boundary_quarantine,analysis/codebin_decompilation_batch_154.md,"Direct dependencies are maintained, but the range/owner audits prove this apparent entry is not an independent public AAPCS boundary."
0x00348068,80,FUN_00348068,historical_non_autonomous_boundary,not_independent_body,not_applicable,historical_boundary_quarantine,analysis/codebin_decompilation_batch_154.md,"Direct dependencies are maintained, but the range/owner audits prove this apparent entry is not an independent public AAPCS boundary."
0x0035E2D0,96,caseD_3_0035e2d0,non_callable_internal,not_independent_body,not_applicable,switch_owned_case,codebin_maintained_abi_small_tranche_156_exclusions.csv,Retains the exact native exclusion proved by the maintained-ABI closure audit.
0x0036AC40,36,FUN_0036ac40,historical_non_autonomous_boundary,not_independent_body,not_applicable,historical_boundary_quarantine,analysis/codebin_decompilation_batch_154.md,"Direct dependencies are maintained, but the range/owner audits prove this apparent entry is not an independent public AAPCS boundary."
0x00377D28,16,FUN_00377d28,historical_non_autonomous_boundary,not_independent_body,not_applicable,historical_boundary_quarantine,analysis/codebin_decompilation_batch_154.md,"Direct dependencies are maintained, but the range/owner audits prove this apparent entry is not an independent public AAPCS boundary."
0x0037CC68,44,caseD_1_0037cc68,non_callable_internal,not_independent_body,not_applicable,switch_owned_case,codebin_maintained_abi_micro_tranche_155_exclusions.csv,Retains the exact native exclusion proved by the maintained-ABI closure audit.
0x0037CC94,160,caseD_8_0037cc94,non_callable_internal,not_independent_body,not_applicable,switch_owned_case,codebin_maintained_abi_medium_tranche_157_exclusions.csv,Retains the exact native exclusion proved by the maintained-ABI closure audit.
0x0037CD38,160,caseD_9_0037cd38,non_callable_internal,not_independent_body,not_applicable,switch_owned_case,codebin_maintained_abi_medium_tranche_157_exclusions.csv,Retains the exact native exclusion proved by the maintained-ABI closure audit.
0x0037CDDC,160,caseD_a_0037cddc,non_callable_internal,not_independent_body,not_applicable,switch_owned_case,codebin_maintained_abi_medium_tranche_157_exclusions.csv,Retains the exact native exclusion proved by the maintained-ABI closure audit.
0x0037CE80,160,caseD_b_0037ce80,non_callable_internal,not_independent_body,not_applicable,switch_owned_case,codebin_maintained_abi_medium_tranche_157_exclusions.csv,Retains the exact native exclusion proved by the maintained-ABI closure audit.
0x0037CF24,160,caseD_c_0037cf24,non_callable_internal,not_independent_body,not_applicable,switch_owned_case,codebin_maintained_abi_medium_tranche_157_exclusions.csv,Retains the exact native exclusion proved by the maintained-ABI closure audit.
0x0037CFC8,160,caseD_d_0037cfc8,non_callable_internal,not_independent_body,not_applicable,switch_owned_case,codebin_maintained_abi_medium_tranche_157_exclusions.csv,Retains the exact native exclusion proved by the maintained-ABI closure audit.
0x0037D06C,160,caseD_e_0037d06c,non_callable_internal,not_independent_body,not_applicable,switch_owned_case,codebin_maintained_abi_medium_tranche_157_exclusions.csv,Retains the exact native exclusion proved by the maintained-ABI closure audit.
0x0037D110,540,caseD_4_0037d110,non_callable_internal,not_independent_body,not_applicable,switch_owned_case,codebin_maintained_abi_xlarge_tranche_159_exclusions.csv,Retains the exact native exclusion proved by the maintained-ABI closure audit.
0x0037D360,536,caseD_5_0037d360,non_callable_internal,not_independent_body,not_applicable,switch_owned_case,codebin_maintained_abi_xlarge_tranche_159_exclusions.csv,Retains the exact native exclusion proved by the maintained-ABI closure audit.
0x0037D5AC,320,caseD_6_0037d5ac,non_callable_internal,not_independent_body,not_applicable,switch_owned_case,codebin_maintained_abi_large_tranche_158_exclusions.csv,Retains the exact native exclusion proved by the maintained-ABI closure audit.
0x0037E71C,240,caseD_f_0037e71c,non_callable_internal,not_independent_body,not_applicable,switch_owned_case,codebin_maintained_abi_medium_tranche_157_exclusions.csv,Retains the exact native exclusion proved by the maintained-ABI closure audit.
0x0037E828,224,caseD_1f,non_callable_internal,not_independent_body,not_applicable,switch_owned_case,codebin_maintained_abi_medium_tranche_157_exclusions.csv,Retains the exact native exclusion proved by the maintained-ABI closure audit.
0x0037E93C,32,caseD_2a,non_callable_internal,not_independent_body,not_applicable,switch_owned_case,codebin_maintained_abi_micro_tranche_155_exclusions.csv,Retains the exact native exclusion proved by the maintained-ABI closure audit.
0x0037E9A8,132,caseD_15_0037e9a8,non_callable_internal,not_independent_body,not_applicable,switch_owned_case,codebin_maintained_abi_medium_tranche_157_exclusions.csv,Retains the exact native exclusion proved by the maintained-ABI closure audit.
0x0037F7E0,140,caseD_7_0037f7e0,non_callable_internal,not_independent_body,not_applicable,switch_owned_case,codebin_maintained_abi_medium_tranche_157_exclusions.csv,Retains the exact native exclusion proved by the maintained-ABI closure audit.
0x0037FA34,224,caseD_12_0037fa34,non_callable_internal,not_independent_body,not_applicable,switch_owned_case,codebin_maintained_abi_medium_tranche_157_exclusions.csv,Retains the exact native exclusion proved by the maintained-ABI closure audit.
0x003809E8,456,caseD_20_003809e8,non_callable_internal,not_independent_body,not_applicable,switch_owned_case,codebin_maintained_abi_large_tranche_158_exclusions.csv,Retains the exact native exclusion proved by the maintained-ABI closure audit.
0x00380BDC,924,caseD_21_00380bdc,non_callable_internal,not_independent_body,not_applicable,switch_owned_case,codebin_maintained_abi_xlarge_tranche_159_exclusions.csv,Retains the exact native exclusion proved by the maintained-ABI closure audit.
0x00380FAC,140,caseD_15_00380fac,non_callable_internal,not_independent_body,not_applicable,switch_owned_case,codebin_maintained_abi_medium_tranche_157_exclusions.csv,Retains the exact native exclusion proved by the maintained-ABI closure audit.
0x003810B4,112,caseD_b_003810b4,non_callable_internal,not_independent_body,not_applicable,switch_owned_case,codebin_maintained_abi_small_tranche_156_exclusions.csv,Retains the exact native exclusion proved by the maintained-ABI closure audit.
0x0038469C,624,caseD_f_0038469c,non_callable_internal,not_independent_body,not_applicable,switch_owned_case,codebin_maintained_abi_xlarge_tranche_159_exclusions.csv,Retains the exact native exclusion proved by the maintained-ABI closure audit.
0x00384B28,140,caseD_15_00384b28,non_callable_internal,not_independent_body,not_applicable,switch_owned_case,codebin_maintained_abi_medium_tranche_157_exclusions.csv,Retains the exact native exclusion proved by the maintained-ABI closure audit.
0x00385304,204,caseD_7_00385304,non_callable_internal,not_independent_body,not_applicable,switch_owned_case,codebin_maintained_abi_medium_tranche_157_exclusions.csv,Retains the exact native exclusion proved by the maintained-ABI closure audit.
0x00385804,140,caseD_7_00385804,non_callable_internal,not_independent_body,not_applicable,switch_owned_case,codebin_maintained_abi_medium_tranche_157_exclusions.csv,Retains the exact native exclusion proved by the maintained-ABI closure audit.
0x00385AA4,308,caseD_11_00385aa4,non_callable_internal,not_independent_body,not_applicable,switch_owned_case,codebin_maintained_abi_large_tranche_158_exclusions.csv,Retains the exact native exclusion proved by the maintained-ABI closure audit.
0x00386B28,668,caseD_c_00386b28,non_callable_internal,not_independent_body,not_applicable,switch_owned_case,codebin_maintained_abi_xlarge_tranche_159_exclusions.csv,Retains the exact native exclusion proved by the maintained-ABI closure audit.
0x00386C40,136,caseD_a_00386c40,non_callable_internal,not_independent_body,not_applicable,switch_owned_case,codebin_maintained_abi_medium_tranche_157_exclusions.csv,Retains the exact native exclusion proved by the maintained-ABI closure audit.
0x00386CE0,192,caseD_e_00386ce0,non_callable_internal,not_independent_body,not_applicable,switch_owned_case,codebin_maintained_abi_medium_tranche_157_exclusions.csv,Retains the exact native exclusion proved by the maintained-ABI closure audit.
0x00386DDC,304,caseD_3c,non_callable_internal,not_independent_body,not_applicable,switch_owned_case,codebin_maintained_abi_large_tranche_158_exclusions.csv,Retains the exact native exclusion proved by the maintained-ABI closure audit.
0x00386F38,156,caseD_46,non_callable_internal,not_independent_body,not_applicable,switch_owned_case,codebin_maintained_abi_medium_tranche_157_exclusions.csv,Retains the exact native exclusion proved by the maintained-ABI closure audit.
0x00386FE4,144,caseD_3f,non_callable_internal,not_independent_body,not_applicable,switch_owned_case,codebin_maintained_abi_medium_tranche_157_exclusions.csv,Retains the exact native exclusion proved by the maintained-ABI closure audit.
0x0038708C,72,caseD_3a,non_callable_internal,not_independent_body,not_applicable,switch_owned_case,codebin_maintained_abi_small_tranche_156_exclusions.csv,Retains the exact native exclusion proved by the maintained-ABI closure audit.
0x003870DC,184,caseD_16_003870dc,non_callable_internal,not_independent_body,not_applicable,switch_owned_case,codebin_maintained_abi_medium_tranche_157_exclusions.csv,Retains the exact native exclusion proved by the maintained-ABI closure audit.
0x00388BE0,388,caseD_3_00388be0,non_callable_internal,not_independent_body,not_applicable,switch_owned_case,codebin_maintained_abi_large_tranche_158_exclusions.csv,Retains the exact native exclusion proved by the maintained-ABI closure audit.
0x00388E9C,272,caseD_23,non_callable_internal,not_independent_body,not_applicable,switch_owned_case,codebin_maintained_abi_large_tranche_158_exclusions.csv,Retains the exact native exclusion proved by the maintained-ABI closure audit.
0x00388FC8,580,caseD_27,non_callable_internal,not_independent_body,not_applicable,switch_owned_case,codebin_maintained_abi_xlarge_tranche_159_exclusions.csv,Retains the exact native exclusion proved by the maintained-ABI closure audit.
0x0038CEA4,596,caseD_9_0038cea4,non_callable_internal,not_independent_body,not_applicable,switch_owned_case,codebin_maintained_abi_xlarge_tranche_159_exclusions.csv,Retains the exact native exclusion proved by the maintained-ABI closure audit.
0x0038D12C,476,caseD_8_0038d12c,non_callable_internal,not_independent_body,not_applicable,switch_owned_case,codebin_maintained_abi_large_tranche_158_exclusions.csv,Retains the exact native exclusion proved by the maintained-ABI closure audit.
0x0038D4FC,128,caseD_7_0038d4fc,non_callable_internal,not_independent_body,not_applicable,switch_owned_case,codebin_maintained_abi_small_tranche_156_exclusions.csv,Retains the exact native exclusion proved by the maintained-ABI closure audit.
0x0038D594,44,caseD_2_0038d594,non_callable_internal,not_independent_body,not_applicable,switch_owned_case,codebin_maintained_abi_micro_tranche_155_exclusions.csv,Retains the exact native exclusion proved by the maintained-ABI closure audit.
0x0038D5C0,44,caseD_3_0038d5c0,non_callable_internal,not_independent_body,not_applicable,switch_owned_case,codebin_maintained_abi_micro_tranche_155_exclusions.csv,Retains the exact native exclusion proved by the maintained-ABI closure audit.
0x0038D5EC,44,caseD_4_0038d5ec,non_callable_internal,not_independent_body,not_applicable,switch_owned_case,codebin_maintained_abi_micro_tranche_155_exclusions.csv,Retains the exact native exclusion proved by the maintained-ABI closure audit.
0x0038D618,44,caseD_5_0038d618,non_callable_internal,not_independent_body,not_applicable,switch_owned_case,codebin_maintained_abi_micro_tranche_155_exclusions.csv,Retains the exact native exclusion proved by the maintained-ABI closure audit.
0x0038D644,44,caseD_6_0038d644,non_callable_internal,not_independent_body,not_applicable,switch_owned_case,codebin_maintained_abi_micro_tranche_155_exclusions.csv,Retains the exact native exclusion proved by the maintained-ABI closure audit.
0x0038D670,44,caseD_7_0038d670,non_callable_internal,not_independent_body,not_applicable,switch_owned_case,codebin_maintained_abi_micro_tranche_155_exclusions.csv,Retains the exact native exclusion proved by the maintained-ABI closure audit.
0x0038D69C,44,caseD_8_0038d69c,non_callable_internal,not_independent_body,not_applicable,switch_owned_case,codebin_maintained_abi_micro_tranche_155_exclusions.csv,Retains the exact native exclusion proved by the maintained-ABI closure audit.
0x003913AC,148,caseD_2e,non_callable_internal,not_independent_body,not_applicable,switch_owned_case,codebin_maintained_abi_medium_tranche_157_exclusions.csv,Retains the exact native exclusion proved by the maintained-ABI closure audit.
0x0039144C,240,caseD_4a,non_callable_internal,not_independent_body,not_applicable,switch_owned_case,codebin_maintained_abi_medium_tranche_157_exclusions.csv,Retains the exact native exclusion proved by the maintained-ABI closure audit.
0x0039155C,44,caseD_45,non_callable_internal,not_independent_body,not_applicable,switch_owned_case,codebin_maintained_abi_micro_tranche_155_exclusions.csv,Retains the exact native exclusion proved by the maintained-ABI closure audit.
0x00392FB8,72,caseD_11_00392fb8,non_callable_internal,not_independent_body,not_applicable,switch_owned_case,codebin_maintained_abi_small_tranche_156_exclusions.csv,Retains the exact native exclusion proved by the maintained-ABI closure audit.
0x00393008,72,caseD_18_00393008,non_callable_internal,not_independent_body,not_applicable,switch_owned_case,codebin_maintained_abi_small_tranche_156_exclusions.csv,Retains the exact native exclusion proved by the maintained-ABI closure audit.
0x003931A4,212,caseD_26_003931a4,non_callable_internal,not_independent_body,not_applicable,switch_owned_case,codebin_maintained_abi_medium_tranche_157_exclusions.csv,Retains the exact native exclusion proved by the maintained-ABI closure audit.
0x00393288,812,caseD_1f_00393288,non_callable_internal,not_independent_body,not_applicable,switch_owned_case,codebin_maintained_abi_xlarge_tranche_159_exclusions.csv,Retains the exact native exclusion proved by the maintained-ABI closure audit.
0x003936E0,352,caseD_14_003936e0,non_callable_internal,not_independent_body,not_applicable,switch_owned_case,codebin_maintained_abi_large_tranche_158_exclusions.csv,Retains the exact native exclusion proved by the maintained-ABI closure audit.
0x0039393C,284,caseD_c_0039393c,non_callable_internal,not_independent_body,not_applicable,switch_owned_case,codebin_maintained_abi_large_tranche_158_exclusions.csv,Retains the exact native exclusion proved by the maintained-ABI closure audit.
0x00393AE4,300,caseD_3_00393ae4,non_callable_internal,not_independent_body,not_applicable,switch_owned_case,codebin_maintained_abi_large_tranche_158_exclusions.csv,Retains the exact native exclusion proved by the maintained-ABI closure audit.
0x0039A91C,156,caseD_24_0039a91c,non_callable_internal,not_independent_body,not_applicable,switch_owned_case,codebin_maintained_abi_medium_tranche_157_exclusions.csv,Retains the exact native exclusion proved by the maintained-ABI closure audit.
0x0039A9C8,356,caseD_2f,non_callable_internal,not_independent_body,not_applicable,switch_owned_case,codebin_maintained_abi_large_tranche_158_exclusions.csv,Retains the exact native exclusion proved by the maintained-ABI closure audit.
0x0039AB58,208,caseD_49,non_callable_internal,not_independent_body,not_applicable,switch_owned_case,codebin_maintained_abi_medium_tranche_157_exclusions.csv,Retains the exact native exclusion proved by the maintained-ABI closure audit.
0x0039B900,360,caseD_1d_0039b900,non_callable_internal,not_independent_body,not_applicable,switch_owned_case,codebin_maintained_abi_large_tranche_158_exclusions.csv,Retains the exact native exclusion proved by the maintained-ABI closure audit.
0x0039C984,64,FUN_0039c984,historical_non_autonomous_boundary,not_independent_body,not_applicable,historical_boundary_quarantine,analysis/codebin_decompilation_batch_154.md,"Direct dependencies are maintained, but the range/owner audits prove this apparent entry is not an independent public AAPCS boundary."
0x0039CE8C,204,caseD_4_0039ce8c,non_callable_internal,not_independent_body,not_applicable,switch_owned_case,codebin_maintained_abi_medium_tranche_157_exclusions.csv,Retains the exact native exclusion proved by the maintained-ABI closure audit.
0x0039CF74,228,caseD_28,non_callable_internal,not_independent_body,not_applicable,switch_owned_case,codebin_maintained_abi_medium_tranche_157_exclusions.csv,Retains the exact native exclusion proved by the maintained-ABI closure audit.
0x0039D078,44,caseD_23_0039d078,non_callable_internal,not_independent_body,not_applicable,switch_owned_case,codebin_maintained_abi_micro_tranche_155_exclusions.csv,Retains the exact native exclusion proved by the maintained-ABI closure audit.
0x0039D0A4,288,caseD_33,non_callable_internal,not_independent_body,not_applicable,switch_owned_case,codebin_maintained_abi_large_tranche_158_exclusions.csv,Retains the exact native exclusion proved by the maintained-ABI closure audit.
0x003A0720,504,caseD_6_003a0720,non_callable_internal,not_independent_body,not_applicable,switch_owned_case,codebin_maintained_abi_large_tranche_158_exclusions.csv,Retains the exact native exclusion proved by the maintained-ABI closure audit.
0x003A1FC4,656,FUN_003a1fc4,historical_non_autonomous_boundary,not_independent_body,not_applicable,historical_boundary_quarantine,analysis/codebin_decompilation_batch_154.md,"Direct dependencies are maintained, but the range/owner audits prove this apparent entry is not an independent public AAPCS boundary."
0x003A22B4,248,caseD_b_003a22b4,non_callable_internal,not_independent_body,not_applicable,switch_owned_case,codebin_maintained_abi_medium_tranche_157_exclusions.csv,Retains the exact native exclusion proved by the maintained-ABI closure audit.
0x003A24D0,180,caseD_3_003a24d0,non_callable_internal,not_independent_body,not_applicable,switch_owned_case,codebin_maintained_abi_medium_tranche_157_exclusions.csv,Retains the exact native exclusion proved by the maintained-ABI closure audit.
0x003A25A0,300,caseD_5_003a25a0,non_callable_internal,not_independent_body,not_applicable,switch_owned_case,codebin_maintained_abi_large_tranche_158_exclusions.csv,Retains the exact native exclusion proved by the maintained-ABI closure audit.
0x003A26F4,208,caseD_27_003a26f4,non_callable_internal,not_independent_body,not_applicable,switch_owned_case,codebin_maintained_abi_medium_tranche_157_exclusions.csv,Retains the exact native exclusion proved by the maintained-ABI closure audit.
0x003A2800,224,caseD_32,non_callable_internal,not_independent_body,not_applicable,switch_owned_case,codebin_maintained_abi_medium_tranche_157_exclusions.csv,Retains the exact native exclusion proved by the maintained-ABI closure audit.
0x003A34DC,444,caseD_5_003a34dc,non_callable_internal,not_independent_body,not_applicable,switch_owned_case,codebin_maintained_abi_large_tranche_158_exclusions.csv,Retains the exact native exclusion proved by the maintained-ABI closure audit.
0x003A36C0,476,caseD_12_003a36c0,non_callable_internal,not_independent_body,not_applicable,switch_owned_case,codebin_maintained_abi_large_tranche_158_exclusions.csv,Retains the exact native exclusion proved by the maintained-ABI closure audit.
0x003A3B0C,180,caseD_17_003a3b0c,non_callable_internal,not_independent_body,not_applicable,switch_owned_case,codebin_maintained_abi_medium_tranche_157_exclusions.csv,Retains the exact native exclusion proved by the maintained-ABI closure audit.
0x003A4148,184,caseD_12_003a4148,non_callable_internal,not_independent_body,not_applicable,switch_owned_case,codebin_maintained_abi_medium_tranche_157_exclusions.csv,Retains the exact native exclusion proved by the maintained-ABI closure audit.
0x003A5180,56,FUN_003a5180,historical_non_autonomous_boundary,not_independent_body,not_applicable,historical_boundary_quarantine,analysis/codebin_decompilation_batch_154.md,"Direct dependencies are maintained, but the range/owner audits prove this apparent entry is not an independent public AAPCS boundary."
0x003A51B8,292,caseD_f_003a51b8,non_callable_internal,not_independent_body,not_applicable,switch_owned_case,codebin_maintained_abi_large_tranche_158_exclusions.csv,Retains the exact native exclusion proved by the maintained-ABI closure audit.
0x003A5300,196,caseD_31,non_callable_internal,not_independent_body,not_applicable,switch_owned_case,codebin_maintained_abi_medium_tranche_157_exclusions.csv,Retains the exact native exclusion proved by the maintained-ABI closure audit.
0x003A5B20,612,caseD_2_003a5b20,non_callable_internal,not_independent_body,not_applicable,switch_owned_case,codebin_maintained_abi_xlarge_tranche_159_exclusions.csv,Retains the exact native exclusion proved by the maintained-ABI closure audit.
0x003A5DA0,132,caseD_3_003a5da0,non_callable_internal,not_independent_body,not_applicable,switch_owned_case,codebin_maintained_abi_medium_tranche_157_exclusions.csv,Retains the exact native exclusion proved by the maintained-ABI closure audit.
0x003A6700,196,caseD_30,non_callable_internal,not_independent_body,not_applicable,switch_owned_case,codebin_maintained_abi_medium_tranche_157_exclusions.csv,Retains the exact native exclusion proved by the maintained-ABI closure audit.
0x003A7AE4,132,caseD_1_003a7ae4,non_callable_internal,not_independent_body,not_applicable,switch_owned_case,codebin_maintained_abi_medium_tranche_157_exclusions.csv,Retains the exact native exclusion proved by the maintained-ABI closure audit.
0x003A9088,92,caseD_e_003a9088,non_callable_internal,not_independent_body,not_applicable,switch_owned_case,codebin_maintained_abi_small_tranche_156_exclusions.csv,Retains the exact native exclusion proved by the maintained-ABI closure audit.
0x003AA4C4,172,caseD_11_003aa4c4,non_callable_internal,not_independent_body,not_applicable,switch_owned_case,codebin_maintained_abi_medium_tranche_157_exclusions.csv,Retains the exact native exclusion proved by the maintained-ABI closure audit.
0x003AA694,260,caseD_10_003aa694,non_callable_internal,not_independent_body,not_applicable,switch_owned_case,codebin_maintained_abi_large_tranche_158_exclusions.csv,Retains the exact native exclusion proved by the maintained-ABI closure audit.
0x003C4D20,76,caseD_1_003c4d20,non_callable_internal,not_independent_body,not_applicable,switch_owned_case,codebin_maintained_abi_small_tranche_156_exclusions.csv,Retains the exact native exclusion proved by the maintained-ABI closure audit.
0x003E2548,52,FUN_003e2548,historical_non_autonomous_boundary,not_independent_body,not_applicable,historical_boundary_quarantine,analysis/codebin_decompilation_batch_154.md,"Direct dependencies are maintained, but the range/owner audits prove this apparent entry is not an independent public AAPCS boundary."
0x003FD6E4,32,FUN_003fd6e4,historical_non_autonomous_boundary,not_independent_body,not_applicable,historical_boundary_quarantine,analysis/codebin_decompilation_batch_154.md,"Direct dependencies are maintained, but the range/owner audits prove this apparent entry is not an independent public AAPCS boundary."
0x0040FB94,140,FUN_0040fb94,historical_non_autonomous_boundary,not_independent_body,not_applicable,historical_boundary_quarantine,analysis/codebin_decompilation_batch_154.md,"Direct dependencies are maintained, but the range/owner audits prove this apparent entry is not an independent public AAPCS boundary."
0x0044A1C8,88,FUN_0044a1c8,historical_non_autonomous_boundary,not_independent_body,not_applicable,historical_boundary_quarantine,analysis/codebin_decompilation_batch_154.md,"Direct dependencies are maintained, but the range/owner audits prove this apparent entry is not an independent public AAPCS boundary."
0x0044A1F4,88,FUN_0044a1f4,historical_non_autonomous_boundary,not_independent_body,not_applicable,historical_boundary_quarantine,analysis/codebin_decompilation_batch_154.md,"Direct dependencies are maintained, but the range/owner audits prove this apparent entry is not an independent public AAPCS boundary."
0x00454074,16,FUN_00454074,historical_non_autonomous_boundary,not_independent_body,not_applicable,historical_boundary_quarantine,analysis/codebin_decompilation_batch_154.md,"Direct dependencies are maintained, but the range/owner audits prove this apparent entry is not an independent public AAPCS boundary."
0x0047AF24,152,FUN_0047af24,historical_non_autonomous_boundary,not_independent_body,not_applicable,historical_boundary_quarantine,analysis/codebin_decompilation_batch_154.md,"Direct dependencies are maintained, but the range/owner audits prove this apparent entry is not an independent public AAPCS boundary."
0x004A5B00,4,thunk_FUN_004a71e4,non_callable_internal,not_independent_body,not_applicable,thunk_to_inherited_register_codec_continuation,codebin_maintained_abi_micro_tranche_155_exclusions.csv,Retains the exact native exclusion proved by the maintained-ABI closure audit.
0x004A5B90,244,FUN_004a5b90,historical_non_autonomous_boundary,not_independent_body,not_applicable,historical_boundary_quarantine,analysis/codebin_decompilation_batch_154.md,"Direct dependencies are maintained, but the range/owner audits prove this apparent entry is not an independent public AAPCS boundary."
0x004A5DD0,260,FUN_004a5dd0,non_callable_internal,not_independent_body,not_applicable,codec_continuation_graph,analysis/codebin_decompilation_batch_138.md;analysis/codebin_decompilation_batch_154.md,Member of one of the three shifted codec graphs whose live callee-saved state is inherited from an enclosing decoder.
0x004A5E44,244,FUN_004a5e44,historical_non_autonomous_boundary,not_independent_body,not_applicable,historical_boundary_quarantine,analysis/codebin_decompilation_batch_154.md,"Direct dependencies are maintained, but the range/owner audits prove this apparent entry is not an independent public AAPCS boundary."
0x004A6038,52,FUN_004a6038,historical_non_autonomous_boundary,not_independent_body,not_applicable,historical_boundary_quarantine,analysis/codebin_decompilation_batch_154.md,"Direct dependencies are maintained, but the range/owner audits prove this apparent entry is not an independent public AAPCS boundary."
0x004A608C,244,FUN_004a608c,historical_non_autonomous_boundary,not_independent_body,not_applicable,historical_boundary_quarantine,analysis/codebin_decompilation_batch_154.md,"Direct dependencies are maintained, but the range/owner audits prove this apparent entry is not an independent public AAPCS boundary."
0x004A6270,52,FUN_004a6270,historical_non_autonomous_boundary,not_independent_body,not_applicable,historical_boundary_quarantine,analysis/codebin_decompilation_batch_154.md,"Direct dependencies are maintained, but the range/owner audits prove this apparent entry is not an independent public AAPCS boundary."
0x004A62B4,244,FUN_004a62b4,historical_non_autonomous_boundary,not_independent_body,not_applicable,historical_boundary_quarantine,analysis/codebin_decompilation_batch_154.md,"Direct dependencies are maintained, but the range/owner audits prove this apparent entry is not an independent public AAPCS boundary."
0x004A6480,52,FUN_004a6480,historical_non_autonomous_boundary,not_independent_body,not_applicable,historical_boundary_quarantine,analysis/codebin_decompilation_batch_154.md,"Direct dependencies are maintained, but the range/owner audits prove this apparent entry is not an independent public AAPCS boundary."
0x004A65B4,224,FUN_004a65b4,non_callable_internal,not_independent_body,not_applicable,codec_continuation_graph,analysis/codebin_decompilation_batch_138.md;analysis/codebin_decompilation_batch_154.md,Member of one of the three shifted codec graphs whose live callee-saved state is inherited from an enclosing decoder.
0x004A66D8,224,FUN_004a66d8,non_callable_internal,not_independent_body,not_applicable,codec_continuation_graph,analysis/codebin_decompilation_batch_138.md;analysis/codebin_decompilation_batch_154.md,Member of one of the three shifted codec graphs whose live callee-saved state is inherited from an enclosing decoder.
0x004A67E4,200,FUN_004a67e4,non_callable_internal,not_independent_body,not_applicable,codec_continuation_graph,analysis/codebin_decompilation_batch_138.md;analysis/codebin_decompilation_batch_154.md,Member of one of the three shifted codec graphs whose live callee-saved state is inherited from an enclosing decoder.
0x004A6908,224,FUN_004a6908,non_callable_internal,not_independent_body,not_applicable,codec_continuation_graph,analysis/codebin_decompilation_batch_138.md;analysis/codebin_decompilation_batch_154.md,Member of one of the three shifted codec graphs whose live callee-saved state is inherited from an enclosing decoder.
0x004A6A3C,224,FUN_004a6a3c,non_callable_internal,not_independent_body,not_applicable,codec_continuation_graph,analysis/codebin_decompilation_batch_138.md;analysis/codebin_decompilation_batch_154.md,Member of one of the three shifted codec graphs whose live callee-saved state is inherited from an enclosing decoder.
0x004A6B48,200,FUN_004a6b48,non_callable_internal,not_independent_body,not_applicable,codec_continuation_graph,analysis/codebin_decompilation_batch_138.md;analysis/codebin_decompilation_batch_154.md,Member of one of the three shifted codec graphs whose live callee-saved state is inherited from an enclosing decoder.
0x004A6C7C,224,FUN_004a6c7c,non_callable_internal,not_independent_body,not_applicable,codec_continuation_graph,analysis/codebin_decompilation_batch_138.md;analysis/codebin_decompilation_batch_154.md,Member of one of the three shifted codec graphs whose live callee-saved state is inherited from an enclosing decoder.
0x004A6DA0,224,FUN_004a6da0,non_callable_internal,not_independent_body,not_applicable,codec_continuation_graph,analysis/codebin_decompilation_batch_138.md;analysis/codebin_decompilation_batch_154.md,Member of one of the three shifted codec graphs whose live callee-saved state is inherited from an enclosing decoder.
0x004A6EAC,200,FUN_004a6eac,non_callable_internal,not_independent_body,not_applicable,codec_continuation_graph,analysis/codebin_decompilation_batch_138.md;analysis/codebin_decompilation_batch_154.md,Member of one of the three shifted codec graphs whose live callee-saved state is inherited from an enclosing decoder.
0x004A6FB8,200,FUN_004a6fb8,non_callable_internal,not_independent_body,not_applicable,codec_continuation_graph,analysis/codebin_decompilation_batch_138.md;analysis/codebin_decompilation_batch_154.md,Member of one of the three shifted codec graphs whose live callee-saved state is inherited from an enclosing decoder.
0x004A70C4,200,FUN_004a70c4,non_callable_internal,not_independent_body,not_applicable,codec_continuation_graph,analysis/codebin_decompilation_batch_138.md;analysis/codebin_decompilation_batch_154.md,Member of one of the three shifted codec graphs whose live callee-saved state is inherited from an enclosing decoder.
0x004A71B0,176,FUN_004a71b0,non_callable_internal,not_independent_body,not_applicable,codec_continuation_graph,analysis/codebin_decompilation_batch_138.md;analysis/codebin_decompilation_batch_154.md,Member of one of the three shifted codec graphs whose live callee-saved state is inherited from an enclosing decoder.
0x004A7404,500,caseD_6,non_callable_internal,not_independent_body,not_applicable,switch_owned_case,analysis/codebin_decompilation_batch_139.md,Codec dispatch case owned by its enclosing native switch function.
0x004A75A0,128,FUN_004a75a0,non_callable_internal,not_independent_body,not_applicable,codec_continuation_graph,analysis/codebin_decompilation_batch_138.md;analysis/codebin_decompilation_batch_154.md,Member of one of the three shifted codec graphs whose live callee-saved state is inherited from an enclosing decoder.
0x004A77DC,88,FUN_004a77dc,historical_non_autonomous_boundary,not_independent_body,not_applicable,historical_boundary_quarantine,analysis/codebin_decompilation_batch_154.md,"Direct dependencies are maintained, but the range/owner audits prove this apparent entry is not an independent public AAPCS boundary."
0x004A7834,216,FUN_004a7834,non_callable_internal,not_independent_body,not_applicable,codec_continuation_graph,analysis/codebin_decompilation_batch_138.md;analysis/codebin_decompilation_batch_154.md,Member of one of the three shifted codec graphs whose live callee-saved state is inherited from an enclosing decoder.
0x004A792C,744,FUN_004a792c,non_callable_internal,not_independent_body,not_applicable,codec_continuation_graph,analysis/codebin_decompilation_batch_138.md;analysis/codebin_decompilation_batch_154.md,Member of one of the three shifted codec graphs whose live callee-saved state is inherited from an enclosing decoder.
0x004A7AE8,296,FUN_004a7ae8,non_callable_internal,not_independent_body,not_applicable,codec_continuation_graph,analysis/codebin_decompilation_batch_138.md;analysis/codebin_decompilation_batch_154.md,Member of one of the three shifted codec graphs whose live callee-saved state is inherited from an enclosing decoder.
0x004A7B38,48,FUN_004a7b38,historical_non_autonomous_boundary,not_independent_body,not_applicable,historical_boundary_quarantine,analysis/codebin_decompilation_batch_154.md,"Direct dependencies are maintained, but the range/owner audits prove this apparent entry is not an independent public AAPCS boundary."
0x004A7B68,20,Bitstream_Refill16_Internal0,non_callable_internal,reviewed_internal_body,inherited_register_context,inherited_register_codec_internal,analysis/codebin_decompilation_batch_096.md,"Reviewed internal entry in one of three shifted codec clones; live decoder state is inherited in registers, so no standalone AAPCS signature is asserted."
0x004A7B7C,60,Bitstream_DecodeSignedExpGolomb_Internal0,non_callable_internal,reviewed_internal_body,inherited_register_context,inherited_register_codec_internal,analysis/codebin_decompilation_batch_096.md,"Reviewed internal entry in one of three shifted codec clones; live decoder state is inherited in registers, so no standalone AAPCS signature is asserted."
0x004A7BBC,1020,FUN_004a7bbc,historical_non_autonomous_boundary,not_independent_body,not_applicable,historical_boundary_quarantine,analysis/codebin_decompilation_batch_154.md,"Direct dependencies are maintained, but the range/owner audits prove this apparent entry is not an independent public AAPCS boundary."
0x004A80CC,500,FUN_004a80cc,historical_non_autonomous_boundary,not_independent_body,not_applicable,historical_boundary_quarantine,analysis/codebin_decompilation_batch_154.md,"Direct dependencies are maintained, but the range/owner audits prove this apparent entry is not an independent public AAPCS boundary."
0x004A9298,300,FUN_004a9298,historical_non_autonomous_boundary,not_independent_body,not_applicable,historical_boundary_quarantine,analysis/codebin_decompilation_batch_154.md,"Direct dependencies are maintained, but the range/owner audits prove this apparent entry is not an independent public AAPCS boundary."
0x004A9AA0,336,FUN_004a9aa0,historical_non_autonomous_boundary,not_independent_body,not_applicable,historical_boundary_quarantine,analysis/codebin_decompilation_batch_154.md,"Direct dependencies are maintained, but the range/owner audits prove this apparent entry is not an independent public AAPCS boundary."
0x004AA470,176,FUN_004aa470,historical_non_autonomous_boundary,not_independent_body,not_applicable,historical_boundary_quarantine,analysis/codebin_decompilation_batch_154.md,"Direct dependencies are maintained, but the range/owner audits prove this apparent entry is not an independent public AAPCS boundary."
0x004AC100,4,thunk_FUN_004ad7e4,non_callable_internal,not_independent_body,not_applicable,thunk_to_inherited_register_codec_continuation,codebin_maintained_abi_micro_tranche_155_exclusions.csv,Retains the exact native exclusion proved by the maintained-ABI closure audit.
0x004AC190,244,FUN_004ac190,historical_non_autonomous_boundary,not_independent_body,not_applicable,historical_boundary_quarantine,analysis/codebin_decompilation_batch_154.md,"Direct dependencies are maintained, but the range/owner audits prove this apparent entry is not an independent public AAPCS boundary."
0x004AC3D0,260,FUN_004ac3d0,non_callable_internal,not_independent_body,not_applicable,codec_continuation_graph,analysis/codebin_decompilation_batch_138.md;analysis/codebin_decompilation_batch_154.md,Member of one of the three shifted codec graphs whose live callee-saved state is inherited from an enclosing decoder.
0x004AC444,244,FUN_004ac444,historical_non_autonomous_boundary,not_independent_body,not_applicable,historical_boundary_quarantine,analysis/codebin_decompilation_batch_154.md,"Direct dependencies are maintained, but the range/owner audits prove this apparent entry is not an independent public AAPCS boundary."
0x004AC638,52,FUN_004ac638,historical_non_autonomous_boundary,not_independent_body,not_applicable,historical_boundary_quarantine,analysis/codebin_decompilation_batch_154.md,"Direct dependencies are maintained, but the range/owner audits prove this apparent entry is not an independent public AAPCS boundary."
0x004AC68C,244,FUN_004ac68c,historical_non_autonomous_boundary,not_independent_body,not_applicable,historical_boundary_quarantine,analysis/codebin_decompilation_batch_154.md,"Direct dependencies are maintained, but the range/owner audits prove this apparent entry is not an independent public AAPCS boundary."
0x004AC870,52,FUN_004ac870,historical_non_autonomous_boundary,not_independent_body,not_applicable,historical_boundary_quarantine,analysis/codebin_decompilation_batch_154.md,"Direct dependencies are maintained, but the range/owner audits prove this apparent entry is not an independent public AAPCS boundary."
0x004AC8B4,244,FUN_004ac8b4,historical_non_autonomous_boundary,not_independent_body,not_applicable,historical_boundary_quarantine,analysis/codebin_decompilation_batch_154.md,"Direct dependencies are maintained, but the range/owner audits prove this apparent entry is not an independent public AAPCS boundary."
0x004ACA80,52,FUN_004aca80,historical_non_autonomous_boundary,not_independent_body,not_applicable,historical_boundary_quarantine,analysis/codebin_decompilation_batch_154.md,"Direct dependencies are maintained, but the range/owner audits prove this apparent entry is not an independent public AAPCS boundary."
0x004ACBB4,224,FUN_004acbb4,non_callable_internal,not_independent_body,not_applicable,codec_continuation_graph,analysis/codebin_decompilation_batch_138.md;analysis/codebin_decompilation_batch_154.md,Member of one of the three shifted codec graphs whose live callee-saved state is inherited from an enclosing decoder.
0x004ACCD8,224,FUN_004accd8,non_callable_internal,not_independent_body,not_applicable,codec_continuation_graph,analysis/codebin_decompilation_batch_138.md;analysis/codebin_decompilation_batch_154.md,Member of one of the three shifted codec graphs whose live callee-saved state is inherited from an enclosing decoder.
0x004ACDE4,200,FUN_004acde4,non_callable_internal,not_independent_body,not_applicable,codec_continuation_graph,analysis/codebin_decompilation_batch_138.md;analysis/codebin_decompilation_batch_154.md,Member of one of the three shifted codec graphs whose live callee-saved state is inherited from an enclosing decoder.
0x004ACF08,224,FUN_004acf08,non_callable_internal,not_independent_body,not_applicable,codec_continuation_graph,analysis/codebin_decompilation_batch_138.md;analysis/codebin_decompilation_batch_154.md,Member of one of the three shifted codec graphs whose live callee-saved state is inherited from an enclosing decoder.
0x004AD03C,224,FUN_004ad03c,non_callable_internal,not_independent_body,not_applicable,codec_continuation_graph,analysis/codebin_decompilation_batch_138.md;analysis/codebin_decompilation_batch_154.md,Member of one of the three shifted codec graphs whose live callee-saved state is inherited from an enclosing decoder.
0x004AD148,200,FUN_004ad148,non_callable_internal,not_independent_body,not_applicable,codec_continuation_graph,analysis/codebin_decompilation_batch_138.md;analysis/codebin_decompilation_batch_154.md,Member of one of the three shifted codec graphs whose live callee-saved state is inherited from an enclosing decoder.
0x004AD27C,224,FUN_004ad27c,non_callable_internal,not_independent_body,not_applicable,codec_continuation_graph,analysis/codebin_decompilation_batch_138.md;analysis/codebin_decompilation_batch_154.md,Member of one of the three shifted codec graphs whose live callee-saved state is inherited from an enclosing decoder.
0x004AD3A0,224,FUN_004ad3a0,non_callable_internal,not_independent_body,not_applicable,codec_continuation_graph,analysis/codebin_decompilation_batch_138.md;analysis/codebin_decompilation_batch_154.md,Member of one of the three shifted codec graphs whose live callee-saved state is inherited from an enclosing decoder.
0x004AD4AC,200,FUN_004ad4ac,non_callable_internal,not_independent_body,not_applicable,codec_continuation_graph,analysis/codebin_decompilation_batch_138.md;analysis/codebin_decompilation_batch_154.md,Member of one of the three shifted codec graphs whose live callee-saved state is inherited from an enclosing decoder.
0x004AD5B8,200,FUN_004ad5b8,non_callable_internal,not_independent_body,not_applicable,codec_continuation_graph,analysis/codebin_decompilation_batch_138.md;analysis/codebin_decompilation_batch_154.md,Member of one of the three shifted codec graphs whose live callee-saved state is inherited from an enclosing decoder.
0x004AD6C4,200,FUN_004ad6c4,non_callable_internal,not_independent_body,not_applicable,codec_continuation_graph,analysis/codebin_decompilation_batch_138.md;analysis/codebin_decompilation_batch_154.md,Member of one of the three shifted codec graphs whose live callee-saved state is inherited from an enclosing decoder.
0x004AD7B0,176,FUN_004ad7b0,non_callable_internal,not_independent_body,not_applicable,codec_continuation_graph,analysis/codebin_decompilation_batch_138.md;analysis/codebin_decompilation_batch_154.md,Member of one of the three shifted codec graphs whose live callee-saved state is inherited from an enclosing decoder.
0x004ADA04,500,caseD_6,non_callable_internal,not_independent_body,not_applicable,switch_owned_case,analysis/codebin_decompilation_batch_139.md,Codec dispatch case owned by its enclosing native switch function.
0x004ADBA0,128,FUN_004adba0,non_callable_internal,not_independent_body,not_applicable,codec_continuation_graph,analysis/codebin_decompilation_batch_138.md;analysis/codebin_decompilation_batch_154.md,Member of one of the three shifted codec graphs whose live callee-saved state is inherited from an enclosing decoder.
0x004ADDDC,88,FUN_004adddc,historical_non_autonomous_boundary,not_independent_body,not_applicable,historical_boundary_quarantine,analysis/codebin_decompilation_batch_154.md,"Direct dependencies are maintained, but the range/owner audits prove this apparent entry is not an independent public AAPCS boundary."
0x004ADE34,216,FUN_004ade34,non_callable_internal,not_independent_body,not_applicable,codec_continuation_graph,analysis/codebin_decompilation_batch_138.md;analysis/codebin_decompilation_batch_154.md,Member of one of the three shifted codec graphs whose live callee-saved state is inherited from an enclosing decoder.
0x004ADF2C,744,FUN_004adf2c,non_callable_internal,not_independent_body,not_applicable,codec_continuation_graph,analysis/codebin_decompilation_batch_138.md;analysis/codebin_decompilation_batch_154.md,Member of one of the three shifted codec graphs whose live callee-saved state is inherited from an enclosing decoder.
0x004AE0E8,296,FUN_004ae0e8,non_callable_internal,not_independent_body,not_applicable,codec_continuation_graph,analysis/codebin_decompilation_batch_138.md;analysis/codebin_decompilation_batch_154.md,Member of one of the three shifted codec graphs whose live callee-saved state is inherited from an enclosing decoder.
0x004AE138,48,FUN_004ae138,historical_non_autonomous_boundary,not_independent_body,not_applicable,historical_boundary_quarantine,analysis/codebin_decompilation_batch_154.md,"Direct dependencies are maintained, but the range/owner audits prove this apparent entry is not an independent public AAPCS boundary."
0x004AE168,20,Bitstream_Refill16_Internal1,non_callable_internal,reviewed_internal_body,inherited_register_context,inherited_register_codec_internal,analysis/codebin_decompilation_batch_096.md,"Reviewed internal entry in one of three shifted codec clones; live decoder state is inherited in registers, so no standalone AAPCS signature is asserted."
0x004AE17C,60,Bitstream_DecodeSignedExpGolomb_Internal1,non_callable_internal,reviewed_internal_body,inherited_register_context,inherited_register_codec_internal,analysis/codebin_decompilation_batch_096.md,"Reviewed internal entry in one of three shifted codec clones; live decoder state is inherited in registers, so no standalone AAPCS signature is asserted."
0x004AE1BC,1020,FUN_004ae1bc,historical_non_autonomous_boundary,not_independent_body,not_applicable,historical_boundary_quarantine,analysis/codebin_decompilation_batch_154.md,"Direct dependencies are maintained, but the range/owner audits prove this apparent entry is not an independent public AAPCS boundary."
0x004AE6CC,500,FUN_004ae6cc,historical_non_autonomous_boundary,not_independent_body,not_applicable,historical_boundary_quarantine,analysis/codebin_decompilation_batch_154.md,"Direct dependencies are maintained, but the range/owner audits prove this apparent entry is not an independent public AAPCS boundary."
0x004AF898,300,FUN_004af898,historical_non_autonomous_boundary,not_independent_body,not_applicable,historical_boundary_quarantine,analysis/codebin_decompilation_batch_154.md,"Direct dependencies are maintained, but the range/owner audits prove this apparent entry is not an independent public AAPCS boundary."
0x004B00A0,336,FUN_004b00a0,historical_non_autonomous_boundary,not_independent_body,not_applicable,historical_boundary_quarantine,analysis/codebin_decompilation_batch_154.md,"Direct dependencies are maintained, but the range/owner audits prove this apparent entry is not an independent public AAPCS boundary."
0x004B0A70,176,FUN_004b0a70,historical_non_autonomous_boundary,not_independent_body,not_applicable,historical_boundary_quarantine,analysis/codebin_decompilation_batch_154.md,"Direct dependencies are maintained, but the range/owner audits prove this apparent entry is not an independent public AAPCS boundary."
0x004B2700,4,thunk_FUN_004b3de4,non_callable_internal,not_independent_body,not_applicable,thunk_to_inherited_register_codec_continuation,codebin_maintained_abi_micro_tranche_155_exclusions.csv,Retains the exact native exclusion proved by the maintained-ABI closure audit.
0x004B2790,244,FUN_004b2790,historical_non_autonomous_boundary,not_independent_body,not_applicable,historical_boundary_quarantine,analysis/codebin_decompilation_batch_154.md,"Direct dependencies are maintained, but the range/owner audits prove this apparent entry is not an independent public AAPCS boundary."
0x004B29D0,260,FUN_004b29d0,non_callable_internal,not_independent_body,not_applicable,codec_continuation_graph,analysis/codebin_decompilation_batch_138.md;analysis/codebin_decompilation_batch_154.md,Member of one of the three shifted codec graphs whose live callee-saved state is inherited from an enclosing decoder.
0x004B2A44,244,FUN_004b2a44,historical_non_autonomous_boundary,not_independent_body,not_applicable,historical_boundary_quarantine,analysis/codebin_decompilation_batch_154.md,"Direct dependencies are maintained, but the range/owner audits prove this apparent entry is not an independent public AAPCS boundary."
0x004B2C38,52,FUN_004b2c38,historical_non_autonomous_boundary,not_independent_body,not_applicable,historical_boundary_quarantine,analysis/codebin_decompilation_batch_154.md,"Direct dependencies are maintained, but the range/owner audits prove this apparent entry is not an independent public AAPCS boundary."
0x004B2C8C,244,FUN_004b2c8c,historical_non_autonomous_boundary,not_independent_body,not_applicable,historical_boundary_quarantine,analysis/codebin_decompilation_batch_154.md,"Direct dependencies are maintained, but the range/owner audits prove this apparent entry is not an independent public AAPCS boundary."
0x004B2E70,52,FUN_004b2e70,historical_non_autonomous_boundary,not_independent_body,not_applicable,historical_boundary_quarantine,analysis/codebin_decompilation_batch_154.md,"Direct dependencies are maintained, but the range/owner audits prove this apparent entry is not an independent public AAPCS boundary."
0x004B2EB4,244,FUN_004b2eb4,historical_non_autonomous_boundary,not_independent_body,not_applicable,historical_boundary_quarantine,analysis/codebin_decompilation_batch_154.md,"Direct dependencies are maintained, but the range/owner audits prove this apparent entry is not an independent public AAPCS boundary."
0x004B3080,52,FUN_004b3080,historical_non_autonomous_boundary,not_independent_body,not_applicable,historical_boundary_quarantine,analysis/codebin_decompilation_batch_154.md,"Direct dependencies are maintained, but the range/owner audits prove this apparent entry is not an independent public AAPCS boundary."
0x004B31B4,224,FUN_004b31b4,non_callable_internal,not_independent_body,not_applicable,codec_continuation_graph,analysis/codebin_decompilation_batch_138.md;analysis/codebin_decompilation_batch_154.md,Member of one of the three shifted codec graphs whose live callee-saved state is inherited from an enclosing decoder.
0x004B32D8,224,FUN_004b32d8,non_callable_internal,not_independent_body,not_applicable,codec_continuation_graph,analysis/codebin_decompilation_batch_138.md;analysis/codebin_decompilation_batch_154.md,Member of one of the three shifted codec graphs whose live callee-saved state is inherited from an enclosing decoder.
0x004B33E4,200,FUN_004b33e4,non_callable_internal,not_independent_body,not_applicable,codec_continuation_graph,analysis/codebin_decompilation_batch_138.md;analysis/codebin_decompilation_batch_154.md,Member of one of the three shifted codec graphs whose live callee-saved state is inherited from an enclosing decoder.
0x004B3508,224,FUN_004b3508,non_callable_internal,not_independent_body,not_applicable,codec_continuation_graph,analysis/codebin_decompilation_batch_138.md;analysis/codebin_decompilation_batch_154.md,Member of one of the three shifted codec graphs whose live callee-saved state is inherited from an enclosing decoder.
0x004B363C,224,FUN_004b363c,non_callable_internal,not_independent_body,not_applicable,codec_continuation_graph,analysis/codebin_decompilation_batch_138.md;analysis/codebin_decompilation_batch_154.md,Member of one of the three shifted codec graphs whose live callee-saved state is inherited from an enclosing decoder.
0x004B3748,200,FUN_004b3748,non_callable_internal,not_independent_body,not_applicable,codec_continuation_graph,analysis/codebin_decompilation_batch_138.md;analysis/codebin_decompilation_batch_154.md,Member of one of the three shifted codec graphs whose live callee-saved state is inherited from an enclosing decoder.
0x004B387C,224,FUN_004b387c,non_callable_internal,not_independent_body,not_applicable,codec_continuation_graph,analysis/codebin_decompilation_batch_138.md;analysis/codebin_decompilation_batch_154.md,Member of one of the three shifted codec graphs whose live callee-saved state is inherited from an enclosing decoder.
0x004B39A0,224,FUN_004b39a0,non_callable_internal,not_independent_body,not_applicable,codec_continuation_graph,analysis/codebin_decompilation_batch_138.md;analysis/codebin_decompilation_batch_154.md,Member of one of the three shifted codec graphs whose live callee-saved state is inherited from an enclosing decoder.
0x004B3AAC,200,FUN_004b3aac,non_callable_internal,not_independent_body,not_applicable,codec_continuation_graph,analysis/codebin_decompilation_batch_138.md;analysis/codebin_decompilation_batch_154.md,Member of one of the three shifted codec graphs whose live callee-saved state is inherited from an enclosing decoder.
0x004B3BB8,200,FUN_004b3bb8,non_callable_internal,not_independent_body,not_applicable,codec_continuation_graph,analysis/codebin_decompilation_batch_138.md;analysis/codebin_decompilation_batch_154.md,Member of one of the three shifted codec graphs whose live callee-saved state is inherited from an enclosing decoder.
0x004B3CC4,200,FUN_004b3cc4,non_callable_internal,not_independent_body,not_applicable,codec_continuation_graph,analysis/codebin_decompilation_batch_138.md;analysis/codebin_decompilation_batch_154.md,Member of one of the three shifted codec graphs whose live callee-saved state is inherited from an enclosing decoder.
0x004B3DB0,176,FUN_004b3db0,non_callable_internal,not_independent_body,not_applicable,codec_continuation_graph,analysis/codebin_decompilation_batch_138.md;analysis/codebin_decompilation_batch_154.md,Member of one of the three shifted codec graphs whose live callee-saved state is inherited from an enclosing decoder.
0x004B4004,500,caseD_6,non_callable_internal,not_independent_body,not_applicable,switch_owned_case,analysis/codebin_decompilation_batch_139.md,Codec dispatch case owned by its enclosing native switch function.
0x004B41A0,128,FUN_004b41a0,non_callable_internal,not_independent_body,not_applicable,codec_continuation_graph,analysis/codebin_decompilation_batch_138.md;analysis/codebin_decompilation_batch_154.md,Member of one of the three shifted codec graphs whose live callee-saved state is inherited from an enclosing decoder.
0x004B43DC,88,FUN_004b43dc,historical_non_autonomous_boundary,not_independent_body,not_applicable,historical_boundary_quarantine,analysis/codebin_decompilation_batch_154.md,"Direct dependencies are maintained, but the range/owner audits prove this apparent entry is not an independent public AAPCS boundary."
0x004B4434,216,FUN_004b4434,non_callable_internal,not_independent_body,not_applicable,codec_continuation_graph,analysis/codebin_decompilation_batch_138.md;analysis/codebin_decompilation_batch_154.md,Member of one of the three shifted codec graphs whose live callee-saved state is inherited from an enclosing decoder.
0x004B452C,744,FUN_004b452c,non_callable_internal,not_independent_body,not_applicable,codec_continuation_graph,analysis/codebin_decompilation_batch_138.md;analysis/codebin_decompilation_batch_154.md,Member of one of the three shifted codec graphs whose live callee-saved state is inherited from an enclosing decoder.
0x004B46E8,296,FUN_004b46e8,non_callable_internal,not_independent_body,not_applicable,codec_continuation_graph,analysis/codebin_decompilation_batch_138.md;analysis/codebin_decompilation_batch_154.md,Member of one of the three shifted codec graphs whose live callee-saved state is inherited from an enclosing decoder.
0x004B4738,48,FUN_004b4738,historical_non_autonomous_boundary,not_independent_body,not_applicable,historical_boundary_quarantine,analysis/codebin_decompilation_batch_154.md,"Direct dependencies are maintained, but the range/owner audits prove this apparent entry is not an independent public AAPCS boundary."
0x004B4768,20,Bitstream_Refill16_Internal2,non_callable_internal,reviewed_internal_body,inherited_register_context,inherited_register_codec_internal,analysis/codebin_decompilation_batch_096.md,"Reviewed internal entry in one of three shifted codec clones; live decoder state is inherited in registers, so no standalone AAPCS signature is asserted."
0x004B477C,60,Bitstream_DecodeSignedExpGolomb_Internal2,non_callable_internal,reviewed_internal_body,inherited_register_context,inherited_register_codec_internal,analysis/codebin_decompilation_batch_096.md,"Reviewed internal entry in one of three shifted codec clones; live decoder state is inherited in registers, so no standalone AAPCS signature is asserted."
0x004B47BC,1020,FUN_004b47bc,historical_non_autonomous_boundary,not_independent_body,not_applicable,historical_boundary_quarantine,analysis/codebin_decompilation_batch_154.md,"Direct dependencies are maintained, but the range/owner audits prove this apparent entry is not an independent public AAPCS boundary."
0x004B4CCC,500,FUN_004b4ccc,historical_non_autonomous_boundary,not_independent_body,not_applicable,historical_boundary_quarantine,analysis/codebin_decompilation_batch_154.md,"Direct dependencies are maintained, but the range/owner audits prove this apparent entry is not an independent public AAPCS boundary."
0x004B5E98,300,FUN_004b5e98,historical_non_autonomous_boundary,not_independent_body,not_applicable,historical_boundary_quarantine,analysis/codebin_decompilation_batch_154.md,"Direct dependencies are maintained, but the range/owner audits prove this apparent entry is not an independent public AAPCS boundary."
0x004B66A0,336,FUN_004b66a0,historical_non_autonomous_boundary,not_independent_body,not_applicable,historical_boundary_quarantine,analysis/codebin_decompilation_batch_154.md,"Direct dependencies are maintained, but the range/owner audits prove this apparent entry is not an independent public AAPCS boundary."
0x004B7070,176,FUN_004b7070,historical_non_autonomous_boundary,not_independent_body,not_applicable,historical_boundary_quarantine,analysis/codebin_decompilation_batch_154.md,"Direct dependencies are maintained, but the range/owner audits prove this apparent entry is not an independent public AAPCS boundary."
